,name,player_id,ppg_ave,ppg_std,ppg_cv,mpg_ave,mpg_std,mpg_cv,ppm_ave,ppm_std,ppm_cv,year
0,Joel Embiid,203954,33.07575757575758,8.847964748261614,0.26750603453287514,34.666666666666664,4.737195968188949,0.13664988369775816,0.9567550414612158,0.23775768899349625,0.24850424475462174,2022-23
1,Luka Doncic,1629029,32.39393939393939,9.764738427122179,0.3014372012114424,36.196969696969695,7.049756563106813,0.19476095988490988,0.8877867072183235,0.24140238375415138,0.2719148437247168,2022-23
2,Damian Lillard,203081,32.172413793103445,10.591519167801742,0.32921120671623855,36.43103448275862,4.201553885340715,0.11532897555596852,0.884761692788283,0.27445902094974467,0.31020671802008126,2022-23
3,Shai Gilgeous-Alexander,1628983,31.397058823529413,6.725180363518981,0.21419778206992537,35.544117647058826,3.504512330199418,0.09859612679088144,0.8834736698288097,0.17516803381354548,0.19827193474536453,2022-23
4,Giannis Antetokounmpo,203507,31.095238095238095,10.735401619234711,0.34524262481459256,32.15873015873016,6.461315029456638,0.20091947031380464,0.9592426393175821,0.2896688595528816,0.3019766299785796,2022-23
5,Jayson Tatum,1628369,30.06756756756757,8.477740525233141,0.28195631409764155,36.932432432432435,4.594013618341708,0.1243896845068739,0.8232532780496391,0.2348712604123452,0.285296477614734,2022-23
6,Donovan Mitchell,1628378,28.264705882352942,11.389465736501865,0.4029571644548006,35.8235294117647,6.212508269541542,0.17341977107094617,0.774897312162118,0.2438873642030331,0.31473507569995146,2022-23
7,Kyrie Irving,202681,27.05,8.129096099187812,0.3005211127241335,37.333333333333336,3.9387973156517346,0.10550349952638574,0.7231246856010796,0.20227092253454573,0.27971790558693627,2022-23
8,Jaylen Brown,1627759,26.62686567164179,7.444411816917729,0.27958273079231377,35.95522388059702,5.604199820753737,0.15586608052739742,0.7444246486981063,0.20525860165920823,0.2757278416535193,2022-23
9,Trae Young,1629027,26.21917808219178,7.41478735617487,0.2828001447234929,34.83561643835616,3.851456068922134,0.11056087024432394,0.753692816462587,0.20575524911292004,0.27299616583666036,2022-23
10,Ja Morant,1629630,26.16393442622951,8.321018222687359,0.31803390450120855,31.950819672131146,4.951182449705649,0.15496261130428146,0.8141937781440619,0.22869952312120703,0.28089077718393146,2022-23
11,Lauri Markkanen,1628374,25.62121212121212,7.513608477576693,0.29325733856893066,34.40909090909091,3.4772990080820474,0.10105756694558131,0.7436974190794899,0.20025627825718922,0.2692711755071788,2022-23
12,Julius Randle,203944,25.142857142857142,8.909950507444629,0.3543730315460932,35.58441558441559,4.91868256150024,0.13822575081588262,0.7030964995501071,0.23459094499888886,0.3336539794309848,2022-23
13,De'Aaron Fox,1628368,25.013698630136986,7.98173809859616,0.3190946775451915,33.397260273972606,5.690488472558097,0.1703878828944795,0.7436330542016102,0.1813948638839178,0.24393060913446013,2022-23
14,Zach LaVine,203897,24.844155844155843,8.36827488834897,0.3368307194996711,35.935064935064936,4.314411780171875,0.12006133251652851,0.6902543206114631,0.21899741503928505,0.3172706182342847,2022-23
15,Anthony Edwards,1630162,24.632911392405063,7.929460186609325,0.32190511548927886,36.037974683544306,5.074933466722351,0.1408218278437182,0.6865175058191834,0.21030198734811872,0.3063315728521402,2022-23
16,DeMar DeRozan,201942,24.54054054054054,9.11146979886309,0.37128235964530215,36.310810810810814,5.0366483628342005,0.1387093334014629,0.6669526636908294,0.2078422265370677,0.31162965207589965,2022-23
17,Nikola Jokic,203999,24.492753623188406,8.63069622371526,0.3523775381280195,33.65217391304348,4.514115400791433,0.13414038012687723,0.7241221461797854,0.2333715831328164,0.3222820685211784,2022-23
18,Pascal Siakam,1627783,24.225352112676056,7.416578308277807,0.3061494534230955,37.33802816901409,3.8319844242593937,0.10262953380702261,0.6521114589119418,0.18993181633621198,0.2912566766624776,2022-23
19,Jalen Brunson,1628973,24.014705882352942,8.846101505889596,0.3683618508270009,34.94117647058823,5.257212112163055,0.15045893250298306,0.6849995102292128,0.21701788758631907,0.3168146609531167,2022-23
20,Kristaps Porzingis,204001,23.153846153846153,7.340450363462826,0.3170294176910855,32.646153846153844,4.166198691668646,0.12761683080040623,0.7098945590645718,0.2079629496567396,0.2929490682824396,2022-23
21,Jimmy Butler,202710,22.90625,6.888496852644188,0.30072564704585814,33.390625,3.5972528649794935,0.10773242085104706,0.6869304451317612,0.19141501935812646,0.27865269433706763,2022-23
22,Jalen Green,1630224,22.144736842105264,8.195452311891714,0.37008578473188963,34.19736842105263,4.841541729221125,0.14157644148549653,0.6463043875102974,0.21656979612506197,0.3350894722521305,2022-23
23,Keldon Johnson,1629640,21.984126984126984,6.217799796245903,0.2828313264718353,32.79365079365079,4.853195588936754,0.14799192744579648,0.6681637809628778,0.16223403469709718,0.242805790016491,2022-23
24,Klay Thompson,202691,21.869565217391305,9.349289125977725,0.4275022860785043,33.11594202898551,4.945396647043586,0.1493358287291061,0.6532194999193185,0.242186246495177,0.3707578333547763,2022-23
25,Darius Garland,1629636,21.594202898550726,7.716138245833534,0.3573245227936334,35.492753623188406,5.424951039100822,0.15284672180398395,0.6068474807575176,0.19017778492541182,0.31338646192947206,2022-23
26,Bojan Bogdanovic,202711,21.576271186440678,7.221145648504404,0.3346799632849645,32.03389830508475,4.755998396562022,0.1484676748133118,0.6695174873437547,0.2005582509724127,0.2995564040725926,2022-23
27,Desmond Bane,1630217,21.5,6.369472147564231,0.2962545184913596,31.689655172413794,4.492515790136069,0.1417660042589184,0.6816153601648179,0.19531427159926948,0.2865461710722621,2022-23
28,Kyle Kuzma,1628398,21.203125,8.00234030748664,0.3774132495793257,35.0,5.18850989404809,0.14824313982994541,0.6025381172266153,0.21390374979898918,0.35500451122254845,2022-23
29,Terry Rozier,1626179,21.095238095238095,6.976259941041257,0.33070306718254266,35.301587301587304,5.317757593848456,0.1506379174516424,0.5926418355715598,0.1805356952084314,0.304628671774948,2022-23
30,Anfernee Simons,1629014,21.06451612903226,8.083318113822058,0.3837409824325938,35.096774193548384,4.987557230599308,0.1421087078571494,0.5993175316884939,0.2157758576560392,0.3600359513063479,2022-23
31,James Harden,201935,20.96551724137931,6.923049518821052,0.33021124349639885,36.793103448275865,4.229215931188603,0.11494588753933409,0.571264874438511,0.176917714241716,0.3096947180860825,2022-23
32,CJ McCollum,203468,20.906666666666666,7.575160926545592,0.36233231472635163,35.36,4.199871297899368,0.11877464077769706,0.5922448289076222,0.2101496374676953,0.3548357490183747,2022-23
33,Jordan Clarkson,203903,20.83606557377049,6.663783529569501,0.31981966585660077,32.60655737704918,3.8178470744849125,0.11708832154026128,0.632866928557183,0.1697755219262248,0.2682641709739533,2022-23
34,Jerami Grant,203924,20.476190476190474,7.997695520620487,0.39058513007681456,35.61904761904762,5.194378386320782,0.1458314787603428,0.5757089931591153,0.21916297229279075,0.3806836003901335,2022-23
35,Dejounte Murray,1627749,20.472972972972972,7.459889038384751,0.3643774183765489,36.41891891891892,4.901793791755978,0.1345947089387541,0.565257940755465,0.20346695722895397,0.3599541776574093,2022-23
36,Jordan Poole,1629673,20.426829268292682,9.01032396590105,0.44110242698739466,30.0,5.413745651146592,0.18045818837155309,0.6737716649066763,0.2691515369795158,0.3994699554734108,2022-23
37,Bam Adebayo,1628389,20.386666666666667,6.610583924270217,0.3242601663311094,34.64,4.738114575411799,0.1367815985973383,0.5902995891494072,0.17656105055239002,0.2991041393181484,2022-23
38,Tyrese Maxey,1630178,20.3,8.403590838626716,0.4139699920505771,33.65,5.81588998100776,0.172834769123559,0.6022429816498919,0.2269135551481056,0.3767807381108172,2022-23
39,Mikal Bridges,1628969,20.132530120481928,9.166177334912156,0.45529187241035846,35.72289156626506,6.655848799679594,0.18631887027770871,0.5638426626253056,0.2361071691562033,0.4187465490051172,2022-23
40,Tyler Herro,1629639,20.104477611940297,8.015391119510863,0.39868686340551435,34.865671641791046,6.181339274290046,0.17729012473349018,0.5693230772128163,0.19513388057846082,0.34274718237974855,2022-23
41,Jamal Murray,1627750,19.96923076923077,7.441373425755386,0.37264196662103244,32.784615384615385,5.737737761120197,0.1750131180069511,0.6066981396248197,0.21260945442324763,0.35043696450878303,2022-23
42,Paolo Banchero,1631094,19.958333333333332,6.121855329559523,0.30673179104264836,33.791666666666664,3.6460957316706653,0.1078992571641134,0.5864744315730765,0.16437233047970828,0.2802719464492579,2022-23
43,RJ Barrett,1629628,19.602739726027398,7.3309460622369675,0.373975585285324,33.95890410958904,7.263757743766084,0.2138984732936362,0.5639319085444328,0.17368068963530378,0.3079816676513159,2022-23
44,Fred VanVleet,1627832,19.347826086956523,9.687508765774435,0.50070270025351,36.73913043478261,4.74543797617014,0.12916576739871388,0.5195136193061842,0.2492961528541879,0.4798645186378857,2022-23
45,Jrue Holiday,201950,19.253731343283583,8.650351689438551,0.44928183193207977,32.53731343283582,4.691476339997487,0.1441875755870787,0.5861965349103172,0.2376986443658498,0.40549309013267293,2022-23
46,Kevin Porter Jr.,1629645,19.152542372881356,6.63016502452872,0.3461767579178712,34.33898305084746,4.887034816001542,0.14231740086085437,0.5532899872810444,0.15872658506002602,0.28687774712865105,2022-23
47,Domantas Sabonis,1627734,19.11392405063291,5.363665369808778,0.2806156054403268,34.63291139240506,4.526778486562714,0.13070741975089709,0.5562520273436168,0.15251107685445153,0.2741762175371632,2022-23
48,Jaren Jackson Jr.,1628991,18.61904761904762,7.717655860529596,0.4145032559363721,28.41269841269841,4.979425153488201,0.17525351098869088,0.6476131590979868,0.2357031596235039,0.36395671754384623,2022-23
49,Franz Wagner,1630532,18.5625,5.762918893860575,0.310460277110334,32.6125,4.590837738282688,0.14076926755945385,0.5705494373985089,0.1592288510990067,0.2790798494606014,2022-23
50,Deandre Ayton,1629028,17.955223880597014,7.301790639290279,0.4066666440834985,30.432835820895523,5.51643242365553,0.1812658030333107,0.5858485987401235,0.2072185246302484,0.35370661477363785,2022-23
51,Myles Turner,1626167,17.951612903225808,7.678856257377794,0.4277529990632733,29.403225806451612,4.86020871649024,0.16529508525638775,0.6028483630094849,0.21798377980382794,0.3615897349635804,2022-23
52,D'Angelo Russell,1626156,17.788732394366196,7.5553490851709,0.4247266706628139,32.49295774647887,5.689271204736708,0.17509243846393857,0.5379776876232721,0.2023632167902748,0.37615540838560396,2022-23
53,Nikola Vucevic,202696,17.646341463414632,5.973959853096413,0.33853815338901583,33.46341463414634,5.212035269749863,0.15575324056832682,0.5280661886612279,0.1655701245235215,0.3135404767028935,2022-23
54,Michael Porter Jr.,1629008,17.419354838709676,6.624713757124051,0.38030764161267705,29.016129032258064,4.252258553139715,0.14654809910765,0.5979403885843257,0.21756492290465843,0.36385721228793677,2022-23
55,Gary Trent Jr.,1629018,17.393939393939394,7.532246141406422,0.4330385412306828,32.03030303030303,7.022972627181778,0.21926026177577926,0.5282274375539501,0.19507158110392891,0.3692946773216517,2022-23
56,Spencer Dinwiddie,203915,17.329113924050635,7.562935122446978,0.43642941904551585,34.53164556962025,5.193278306144999,0.1503918571061052,0.49750733106734935,0.20151640597228904,0.4050521336840543,2022-23
57,Norman Powell,1626181,16.983333333333334,7.219304785221421,0.4250817341641661,26.116666666666667,4.6508306772769705,0.178079030399884,0.6435415833972432,0.23673872460726908,0.36786857402054746,2022-23
58,Buddy Hield,1627741,16.8,6.483474611500742,0.3859211078274251,31.0875,5.447549094706766,0.17523278149438734,0.5355023451818909,0.18438002851193463,0.3443122708441312,2022-23
59,OG Anunoby,1628384,16.776119402985074,6.934369595175657,0.4133476538049547,35.64179104477612,5.63458339869846,0.15808923271055142,0.47148642558173476,0.1895440896632826,0.4020138849796516,2022-23
60,Bennedict Mathurin,1631097,16.692307692307693,7.062444469029251,0.4230957516008307,28.5,6.21424839517082,0.21804380333932702,0.5721954539856572,0.2189905728396548,0.3827198753752142,2022-23
61,Christian Wood,1626174,16.62686567164179,7.244299369881837,0.4356984360700925,25.955223880597014,7.510463076997065,0.28936229221322796,0.64608520186659,0.2377747758994271,0.36802386931704584,2022-23
62,Josh Giddey,1630581,16.57894736842105,4.932242648517979,0.29750035022806864,31.18421052631579,4.9307484930540095,0.15811682931312435,0.5301225332340638,0.13646378535800296,0.2574193262932863,2022-23
63,Aaron Gordon,203932,16.308823529411764,6.852948712630611,0.4201988390071069,30.235294117647058,4.8534266923970675,0.16052189449562285,0.5328346784041627,0.1944292602964371,0.36489603281594174,2022-23
64,Jaden Ivey,1631093,16.27027027027027,5.931797984019148,0.364578945861642,31.094594594594593,5.118242739212808,0.1646023305961529,0.5198915127185426,0.1694868420581476,0.3260042487939285,2022-23
65,Evan Mobley,1630596,16.164556962025316,5.875700459600071,0.36349282404730276,34.40506329113924,5.185084593286074,0.1507070209233259,0.47023301089269964,0.15611598290748924,0.3319970722836229,2022-23
66,Brook Lopez,201572,15.884615384615385,6.9878944847979305,0.4399158755562862,30.384615384615383,4.856995943009382,0.1598504993901822,0.5211441334004819,0.21319639672254315,0.4090929611572713,2022-23
67,Russell Westbrook,201566,15.876712328767123,6.800623348633915,0.4283395206646038,29.164383561643834,5.302027124469934,0.18179801788929317,0.5374945605628291,0.20358356077068984,0.378763946108609,2022-23
68,P.J. Washington,1629023,15.67123287671233,7.71552330356101,0.49233671430065884,32.56164383561644,5.0331851561242535,0.1545740498094533,0.4822841977589633,0.22196759050609183,0.4602423043042084,2022-23
69,De'Andre Hunter,1629631,15.35820895522388,5.2185609665631745,0.3397896839258821,31.71641791044776,6.24937807850983,0.19703921471066288,0.48988187798058475,0.15763633816093855,0.3217843836370409,2022-23
70,Scottie Barnes,1630567,15.311688311688311,6.82344977624519,0.44563666901686144,34.79220779220779,5.958933281300531,0.17127206519602126,0.4357878515714422,0.17198177167595466,0.3946456310238844,2022-23
71,Kevin Huerter,1628989,15.2,6.698123981001312,0.44066605138166526,29.413333333333334,6.491352529146577,0.22069421563281655,0.5060437179614022,0.19249127868898958,0.3803846819093831,2022-23
72,Harrison Barnes,203084,15.0,6.1161595308990595,0.40774396872660396,32.4390243902439,5.12340926466205,0.15793968409860457,0.46247128993818826,0.18216837738470198,0.3939020245106453,2022-23
73,Immanuel Quickley,1630193,14.925925925925926,8.646932661033302,0.579323031880643,28.925925925925927,8.146744407703267,0.2816416120460796,0.5053954670210302,0.2438047251070444,0.4824038619580641,2022-23
74,Malcolm Brogdon,1627763,14.925373134328359,6.90698687284778,0.46276812048080124,26.074626865671643,5.748025834582242,0.22044518083400697,0.5616346511684919,0.21720169176572585,0.38673128752621205,2022-23
75,Alperen Sengun,1630578,14.786666666666667,5.6312192845449225,0.3808308803795033,28.933333333333334,5.391016885807636,0.1863254684034897,0.5113543469665801,0.17470899079211824,0.3416593441094507,2022-23
76,Tobias Harris,202699,14.662162162162161,6.156135211353507,0.41986544298632217,32.932432432432435,5.535269433446898,0.16807958066272896,0.4443704181442977,0.17835723111652907,0.40137062197198786,2022-23
77,Trey Murphy III,1630530,14.531645569620252,7.450409458783983,0.5127023930696295,31.063291139240505,6.798079993177371,0.21884609594988277,0.45316357245254163,0.20870828923804974,0.4605583986120312,2022-23
78,Tim Hardaway Jr.,203501,14.352112676056338,7.640304017042583,0.5323469923552732,30.281690140845072,7.401125587352139,0.24440926358232642,0.4667431016930748,0.22421157189816646,0.48037468809899103,2022-23
79,Dillon Brooks,1628415,14.342465753424657,6.5705977617510225,0.45812190697977523,30.315068493150687,4.855914813482531,0.1601815550764685,0.47530209030107795,0.2089390436391091,0.4395920992200089,2022-23
80,Jarrett Allen,1628386,14.25,6.287573624980644,0.44123323684074695,32.76470588235294,6.457941188166367,0.19710053895660365,0.42638816691792303,0.1750237809028471,0.41047992060374894,2022-23
81,Jonas Valanciunas,202685,14.113924050632912,6.90593825069142,0.48929966081132037,24.89873417721519,5.660467808675154,0.22733958153804634,0.5478938108285549,0.2207342527043257,0.4028777992044103,2022-23
82,Bobby Portis,1626171,14.1,5.803921712633349,0.4116256533782517,25.928571428571427,5.2067999813271735,0.20081322242033178,0.5350383022444232,0.18590874765705742,0.347468109997344,2022-23
83,Jalen Williams,1631114,14.08,6.9879432847835385,0.49630279011246725,30.373333333333335,5.767507619773393,0.18988721311808798,0.4604237419909886,0.19282005944213437,0.4187882636293509,2022-23
84,Markelle Fultz,1628365,13.95,5.84959798705599,0.41932602057749035,29.616666666666667,5.1026469258334455,0.17228971049522043,0.4677928630803408,0.16484945619590863,0.35239839939070783,2022-23
85,Chris Paul,101108,13.88135593220339,6.690406785639786,0.481970696401401,32.03389830508475,5.524135450207431,0.1724465563821367,0.4286665034738145,0.18758372053368183,0.43759827048194017,2022-23
86,Saddiq Bey,1630180,13.792207792207792,6.9117323259605445,0.5011331347447853,27.636363636363637,5.7282979260149,0.20727393811238123,0.48836168324905094,0.20441914724039414,0.4185814617567899,2022-23
87,Luguentz Dort,1629652,13.68918918918919,6.092721180915362,0.4450753873521587,30.716216216216218,5.742225882843381,0.18694444141241098,0.44798707803097226,0.2012798622731819,0.44929836627847136,2022-23
88,Malik Monk,1628370,13.519480519480519,7.5943372075070545,0.5617329154448062,22.363636363636363,5.730594464683422,0.25624609394925874,0.582479301565878,0.24763557586128043,0.4251405589787692,2022-23
89,Rudy Gobert,203497,13.414285714285715,6.044503688866482,0.45060197893573345,30.65714285714286,6.704715438385945,0.21869994440215101,0.43638510131897795,0.17749218255498792,0.40673291095070885,2022-23
90,John Collins,1628381,13.112676056338028,5.790507739333025,0.4415961863508537,30.028169014084508,5.179552741270001,0.1724897957927627,0.4329301482293521,0.17345928888563805,0.4006634548207649,2022-23
91,Cole Anthony,1630175,13.016666666666667,6.118855732914936,0.4700785454224022,25.866666666666667,4.350985342003312,0.16820819621146826,0.49573335549142417,0.20528349517222708,0.41410063070847436,2022-23
92,Austin Reaves,1630559,13.015625,7.042934515335322,0.5411138163042745,28.8125,6.078520601134185,0.21096817704587195,0.44068948400078034,0.22563201137005834,0.5119977207571824,2022-23
93,Tre Jones,1630200,12.867647058823529,5.50143647934427,0.4275402063947547,29.176470588235293,4.505191620390355,0.15441180956983072,0.43187641896628903,0.16959314642281148,0.39268906329439907,2022-23
94,Jabari Smith Jr.,1631095,12.784810126582279,5.6719527819721645,0.4436477918572287,31.0126582278481,5.152777868908152,0.16615079658928328,0.4081309447622131,0.15833942241507623,0.3879623058411525,2022-23
95,KJ Martin,1630231,12.670731707317072,5.698288411094973,0.44972054832510855,28.036585365853657,5.871978071138494,0.2094398442076366,0.44441096785374223,0.1641866918936177,0.3694478844357692,2022-23
96,Malik Beasley,1627736,12.654320987654321,6.626010288678928,0.5236164228126763,25.82716049382716,5.800409734356681,0.2245856541505216,0.4842850579019156,0.24049572378601483,0.49659951274962416,2022-23
97,Nic Claxton,1629651,12.644736842105264,5.048310469502765,0.3992420350491261,29.842105263157894,5.036010674012907,0.16875520777115563,0.4217154566397371,0.14514497853925373,0.34417751650788586,2022-23
98,Jakob Poeltl,1627751,12.458333333333334,6.26174951928401,0.5026153460294857,26.5,5.227230974614747,0.19725399904206592,0.4699576212334817,0.21147313134784584,0.44998340657355346,2022-23
99,Kelly Olynyk,203482,12.455882352941176,6.160620785567354,0.49459529329230234,28.485294117647058,5.2532652164717275,0.18442025540530588,0.4295937405606202,0.1839777016030766,0.4282597352628685,2022-23
100,Eric Gordon,201569,12.405797101449275,6.1508460455350225,0.4958041789041081,28.463768115942027,5.279203678098697,0.1854710049841192,0.4255320524204792,0.19070845130993846,0.44816471573684075,2022-23
101,Derrick White,1628401,12.402439024390244,6.858102815256647,0.5529640421347543,28.317073170731707,7.212605646838192,0.2547087265463961,0.4392152988556907,0.2484684907690358,0.5657100092286926,2022-23
102,Dennis Schroder,203471,12.388059701492537,7.513533696100812,0.6065141658298246,29.64179104477612,7.180996580912019,0.24225919985956962,0.40416319526309935,0.21505424416558555,0.5320975454620281,2022-23
103,Keegan Murray,1631099,12.2,6.756899895849549,0.5538442537581598,29.7625,6.1525825595353645,0.2067226395475973,0.39365463208696394,0.19282282021568448,0.4898273880163238,2022-23
104,Caris LeVert,1627747,12.121621621621621,7.241343821972497,0.5973906831950555,30.2027027027027,7.026329601138009,0.2326391008877909,0.38921044875452376,0.19768670813754505,0.5079172688455409,2022-23
105,Jaden McDaniels,1630183,12.063291139240507,5.842685043429549,0.4843359060135723,30.60759493670886,6.651426917507881,0.21731295553479016,0.3835513534632941,0.16756137259999448,0.4368681562116561,2022-23
106,Clint Capela,203991,11.984615384615385,4.281107872430291,0.3572169598305121,26.553846153846155,4.503577637663365,0.1696017070962449,0.45197281541530343,0.14576242112677557,0.32250262882036196,2022-23
107,Mike Conley,201144,11.91044776119403,5.966399206677498,0.5009382792573839,30.238805970149254,4.605956460533192,0.1523193893661026,0.3929423633587502,0.1948895480713322,0.49597489668835,2022-23
108,Zach Collins,1628380,11.603174603174603,5.826911101531501,0.5021824889144796,22.873015873015873,6.060160924862298,0.2649480487621962,0.4944517452353913,0.18624265928777023,0.3766649851728333,2022-23
109,Bruce Brown,1628971,11.5375,5.189921464735915,0.44983067950040434,28.5125,5.559787242081768,0.19499473010370078,0.3987653708570323,0.152005372460141,0.3811900018636244,2022-23
110,Max Strus,1629622,11.5375,6.909805452572819,0.5988997141991609,28.4125,8.438449899647491,0.29699779673198384,0.3803503676154104,0.19999727841553078,0.5258238073211412,2022-23
111,Marcus Smart,203935,11.524590163934427,4.995353031825509,0.43345168554958186,32.14754098360656,5.421672760239747,0.1686496881053669,0.3535603235124144,0.14231203218862162,0.4025113190723299,2022-23
112,Naz Reid,1629675,11.485294117647058,6.4956762819559355,0.5655646442676103,18.397058823529413,7.513450041018188,0.4084049582647776,0.6171553143231097,0.2649526039231538,0.42931268316752874,2022-23
113,Quentin Grimes,1629656,11.253521126760564,7.579518095987662,0.6735241361891413,29.845070422535212,9.525376463987348,0.31916079704724004,0.38412320988540843,0.25096882916810076,0.6533550244021176,2022-23
114,Rui Hachimura,1629060,11.222222222222221,6.548687247036478,0.5835463883497852,23.253968253968253,5.400024653373395,0.23221949021332688,0.4645290452953765,0.23065242299307967,0.4965296041852808,2022-23
115,Marcus Morris Sr.,202694,11.2,4.962988011269018,0.4431239295775909,28.076923076923077,5.748118421241457,0.20472750541407927,0.39218233746287845,0.14832501204905324,0.3782042123788728,2022-23
116,Corey Kispert,1630557,11.08108108108108,5.694882963322296,0.5139284625437195,28.324324324324323,7.422860114331568,0.2620666261739199,0.392375567451227,0.19684781849196148,0.5016821505238855,2022-23
117,Mason Plumlee,203486,10.848101265822784,5.156744668815527,0.4753591935080825,25.89873417721519,5.794769827310593,0.22374722207113237,0.41395454352633154,0.1608050898088511,0.38846074363385347,2022-23
118,Jaylen Nowell,1629669,10.830769230769231,6.3727182945379335,0.5883901834445535,19.246153846153845,6.136547200051633,0.3188453781002048,0.5314420735933929,0.23918362998459325,0.450065288145765,2022-23
119,Kentavious Caldwell-Pope,203484,10.81578947368421,4.591907450623077,0.42455592000894626,31.36842105263158,4.609677082726896,0.1469527929057232,0.3472833600232357,0.14526587936048155,0.4182920809991076,2022-23
120,Ivica Zubac,1627826,10.763157894736842,5.2303433183750165,0.4859487679663829,28.55263157894737,6.2019238667628604,0.2172102368082845,0.3791055081910277,0.17056668991820154,0.4499187857546364,2022-23
121,Talen Horton-Tucker,1629659,10.738461538461538,8.640885593858643,0.8046669965627676,20.2,8.993400358040335,0.44521783950694727,0.48877546113778253,0.2800650230236569,0.5729932152725409,2022-23
122,Grayson Allen,1628960,10.416666666666666,5.56333571028678,0.5340802281875309,27.38888888888889,4.671024122575008,0.17054449129077107,0.37549775739672575,0.19295326702219592,0.5138599717876196,2022-23
123,Killian Hayes,1630165,10.342105263157896,6.869357333509344,0.6642126683800382,28.355263157894736,7.284145243597533,0.25688864896214036,0.342040865060661,0.18604283570650848,0.5439199075628398,2022-23
124,Tyus Jones,1626145,10.2875,6.459599372301111,0.6279075939053328,24.2375,7.267482195943409,0.2998445465061747,0.4074643478928124,0.22348486229420106,0.5484770960942845,2022-23
125,Monte Morris,1628420,10.258064516129032,4.438783926918249,0.4327116406744205,27.322580645161292,4.63335799888685,0.16957980869597677,0.3734264883470331,0.13993240717017733,0.37472544540047514,2022-23
126,Doug McDermott,203926,10.21875,5.859380621690425,0.5733950455476868,20.5,4.580843479549043,0.2234557794901972,0.47545918213646665,0.23531016582536257,0.4949113923260476,2022-23
127,Malaki Branham,1631103,10.196969696969697,6.9663359687741755,0.6831770786613605,23.545454545454547,7.003695328306925,0.29745424174276514,0.4016424280771274,0.21335215638646246,0.5311992495610858,2022-23
128,Reggie Jackson,202704,10.191176470588236,6.179545829181986,0.6063623613050145,24.352941176470587,7.47685923741979,0.30702078994235854,0.4112041056824659,0.204070691901953,0.49627591038582075,2022-23
129,Patrick Williams,1630172,10.158536585365853,4.6066766151876335,0.4534783702825762,28.390243902439025,5.768702482780587,0.20319312868900694,0.35957803061986177,0.15319347835115427,0.4260368134478915,2022-23
130,De'Anthony Melton,1629001,10.12987012987013,6.205580360811612,0.6126021638237105,27.948051948051948,7.117243892747026,0.2546597489505209,0.3453884996164818,0.18220593458774506,0.5275390894313675,2022-23
131,Aaron Nesmith,1630174,10.10958904109589,6.223971677303668,0.615650314963642,24.931506849315067,6.283419024887132,0.2520272466026157,0.3956800513638381,0.21850150467674218,0.5522176413079374,2022-23
132,Josh Richardson,1626196,10.061538461538461,5.587029966462848,0.5552858529359099,23.584615384615386,4.756220623077173,0.20166623646445936,0.4176338825774183,0.19572618801425465,0.46865495396670115,2022-23
133,Jonathan Kuminga,1630228,9.940298507462687,6.5571626278234865,0.6596544985948551,20.83582089552239,8.162361911079142,0.3917465960188413,0.4399761441544852,0.21506340892862272,0.48880697689170455,2022-23
134,Onyeka Okongwu,1630168,9.8875,4.649741383852318,0.4702646153074405,23.125,6.317295928488808,0.27318036447519173,0.43689828881660536,0.2030732482082803,0.46480669164058763,2022-23
135,Shaedon Sharpe,1631101,9.8625,7.292694020452892,0.7394366560661993,22.1875,7.624234761351629,0.3436274822017636,0.41576026284466605,0.22751214271130393,0.5472195470405158,2022-23
136,Herbert Jones,1630529,9.833333333333334,5.526393547425449,0.5620061234669947,29.575757575757574,6.621783645515659,0.22389227489960734,0.3331250671859585,0.15467831841753155,0.46432506482973956,2022-23
137,Thomas Bryant,1628418,9.813559322033898,7.171482259788049,0.7307728036744299,18.338983050847457,9.65367567926318,0.5264019085735007,0.5265215833693786,0.24322998367724083,0.46195634017647486,2022-23
138,Al Horford,201143,9.777777777777779,5.153903764559145,0.5271037941026397,30.50793650793651,5.130154420970241,0.16815802732628782,0.32226030476033374,0.16155635248944392,0.5013225336877715,2022-23
139,Josh Hart,1628404,9.776315789473685,4.809985957597039,0.49200394721046425,32.31578947368421,5.324685972125905,0.16477041281822832,0.3033365429212744,0.15409904799100685,0.5080134642102799,2022-23
140,Coby White,1629632,9.662162162162161,5.724920354837578,0.5925092395216515,23.405405405405407,7.09218925745302,0.3030150144639281,0.3893821080685205,0.18965524239753973,0.4870671724961888,2022-23
141,Keita Bates-Diop,1628966,9.656716417910447,5.772327503901882,0.5977526163236879,21.746268656716417,9.843230689747063,0.4526399836740242,0.4331107657490947,0.22913718706611647,0.5290498532628438,2022-23
142,Caleb Martin,1628997,9.619718309859154,5.1418901393584235,0.5345156660240822,29.253521126760564,6.825829745185677,0.233333611896092,0.32265438706081184,0.1450406039069518,0.4495231111784495,2022-23
143,Isaiah Joe,1630198,9.465753424657533,7.110403551176148,0.7511714316003746,19.068493150684933,8.221463723293112,0.43115434755775656,0.46995805067026625,0.2895844791575871,0.6161921872485732,2022-23
144,Andrew Nembhard,1629614,9.453333333333333,6.310209088353471,0.6675115396706774,27.68,7.086645224684283,0.2560204199669177,0.33260127133617357,0.19315812047230346,0.5807497959834036,2022-23
145,Jalen Smith,1630188,9.441176470588236,5.857467113293826,0.6204170774205298,18.808823529411764,7.22404226558514,0.38407730575433113,0.4845778177902627,0.2653782398385604,0.5476483447977858,2022-23
146,Jalen McDaniels,1629667,9.4375,5.817572137036227,0.6164314847190704,23.875,7.478873197467482,0.31325123340177935,0.380434302683344,0.17981573801638637,0.47265910762536234,2022-23
147,Gabe Vincent,1629216,9.426470588235293,6.588810452443334,0.698968971554051,25.823529411764707,7.250200566388035,0.2807594752359831,0.34585153142914027,0.19453818584518331,0.5624904566456755,2022-23
148,Donte DiVincenzo,1628978,9.416666666666666,6.161557330123153,0.6543246722254676,26.291666666666668,7.562765534856364,0.2876487683622072,0.34836726864487544,0.20040790110623427,0.5752776427182931,2022-23
149,Kyle Anderson,203937,9.376811594202898,5.009113603855894,0.5342022235951418,28.333333333333332,8.469090281492955,0.29890906875857487,0.3193517241554466,0.15506826447292152,0.48557202840539854,2022-23
150,Chris Boucher,1628449,9.368421052631579,5.437749792608846,0.5804339666267869,20.013157894736842,6.264169902022414,0.31300257235614953,0.44778284972001786,0.21490294044376027,0.47992668897018087,2022-23
151,Tari Eason,1631106,9.268292682926829,5.035794788099197,0.543335753452808,21.5609756097561,5.247215748424004,0.243366341273059,0.4227091596123232,0.19477619575505417,0.46078063681820414,2022-23
152,Luke Kennard,1628379,9.254237288135593,6.073098454600854,0.656250565607052,22.338983050847457,6.574795576975616,0.29431937711802836,0.3855819306727839,0.22372541099999793,0.5802279443168665,2022-23
153,Seth Curry,203552,9.19672131147541,7.678584227427925,0.8349262707185445,19.83606557377049,8.035712637696074,0.40510617429707485,0.4153389650867513,0.28510073149266274,0.6864290506264302,2022-23
154,Walker Kessler,1631117,9.175675675675675,5.74422427755977,0.6260273881287526,22.986486486486488,7.607662401299342,0.3309623854768673,0.3798057205405362,0.18532662643720232,0.48795111925498935,2022-23
155,Deni Avdija,1630166,9.171052631578947,5.938323350115445,0.6475072806438649,26.592105263157894,7.785760731966954,0.2927846687924238,0.3245197909098721,0.16758110206731536,0.5163971713326327,2022-23
156,Jalen Duren,1631105,9.134328358208956,5.846251123034108,0.6400307602014464,24.970149253731343,6.334059326620124,0.2536652569537049,0.35482890627517955,0.18866594765501707,0.5317096333428412,2022-23
157,Josh Green,1630182,9.1,6.443233213014111,0.7080476058257265,25.633333333333333,8.042191004831462,0.313739571059745,0.3396348203396326,0.1919716142791615,0.5652294840887961,2022-23
158,Naji Marshall,1630230,9.064935064935066,5.881142169631013,0.6487792937845099,23.246753246753247,8.579589985534893,0.36906616138893117,0.37663722015754225,0.18605050293025832,0.4939780058180015,2022-23
159,Bol Bol,1629626,9.057142857142857,6.60014429856687,0.7287225566241023,21.585714285714285,7.5536589792732425,0.34993787461887954,0.39565398531751045,0.2480412932427099,0.6269146841618641,2022-23
160,Santi Aldama,1630583,9.03896103896104,5.115614791579843,0.5659516364247815,21.87012987012987,6.081357728749155,0.27806683201525234,0.4045422877527305,0.1962151755851751,0.4850300735558905,2022-23
161,Daniel Gafford,1629655,9.038461538461538,5.287678172841125,0.5850197127398692,20.58974358974359,7.393285647171537,0.35907613977545444,0.4322323049139599,0.2133660019862186,0.493637332426347,2022-23
162,Jose Alvarado,1630631,9.01639344262295,6.320579623417166,0.7010097400517221,21.491803278688526,5.84700194065207,0.2720572985352984,0.4066819463266605,0.23877677260229943,0.5871339378574381,2022-23
163,AJ Griffin,1631100,8.875,5.417596525459981,0.6104334113194345,19.40277777777778,7.686937378421976,0.3961771590883194,0.47504423061056555,0.35866690738915347,0.7550179210221447,2022-23
164,Royce O'Neale,1626220,8.828947368421053,4.224967559306577,0.47853581893785374,31.68421052631579,6.14320334747443,0.1938884777442096,0.28161106204155,0.13457288538420795,0.47786789484978587,2022-23
165,Terance Mann,1629611,8.802469135802468,5.9737336588736945,0.6786429542338981,23.160493827160494,8.190629997325384,0.35364660436213013,0.35908557178697237,0.1934393597492351,0.5386998948094552,2022-23
166,Jordan Nwora,1629670,8.741935483870968,6.697039923240292,0.7660820576400335,19.161290322580644,8.585526418429108,0.4480661935543811,0.41509232733263574,0.2546554684407885,0.6134911480469728,2022-23
167,Cedi Osman,1626224,8.688311688311689,6.671344337537462,0.7678527862337586,20.12987012987013,8.713798267464638,0.4328790107063078,0.3930860435137845,0.23903186690037118,0.6080904444321462,2022-23
168,T.J. McConnell,204456,8.666666666666666,6.0433866765682405,0.6973138472963355,20.373333333333335,6.459381054219019,0.3170507716403314,0.399373121736386,0.21239889785636368,0.5318307274483076,2022-23
169,Ayo Dosunmu,1630245,8.5875,4.9007717036339535,0.5706866612674182,26.2375,7.383258088405145,0.2814009752607964,0.3218738062333702,0.15188885320158402,0.47188944940570615,2022-23
170,Draymond Green,203110,8.452054794520548,4.397098462150325,0.52024017461422,31.493150684931507,4.295098264531173,0.1363819805614509,0.2682486134420699,0.1362534218870996,0.5079370966311609,2022-23
171,Shake Milton,1629003,8.381578947368421,6.770459571330261,0.8077785359828883,20.63157894736842,10.286356148171107,0.49857338473278323,0.3601349639563547,0.19714566554870477,0.5474216204472642,2022-23
172,Dorian Finney-Smith,1627827,8.348484848484848,5.106534047344635,0.6116719548543483,30.424242424242426,6.186985362742333,0.20335708861603286,0.2668896114947479,0.15232493625571555,0.5707413465912036,2022-23
173,Terrence Ross,203082,8.285714285714286,6.954758341917428,0.8393673860934826,21.07936507936508,6.931232696075639,0.32881600892527507,0.36396996747637816,0.28163096885173877,0.7737752947158113,2022-23
174,Kevin Love,201567,8.209677419354838,5.316652147561497,0.647607923671538,19.967741935483872,5.241598248111546,0.2625033048327269,0.4053395751124428,0.23861053839269328,0.588668250136942,2022-23
175,Nick Richards,1630208,8.184615384615384,4.516955237257131,0.5518836286122435,18.70769230769231,6.431667447392329,0.34379801322409653,0.4424299472627754,0.22118853297718968,0.49994023764810314,2022-23
176,Georges Niang,1627777,8.166666666666666,5.525423334940323,0.6765824491763661,19.384615384615383,5.78899710765928,0.2986387396808359,0.3962947260548068,0.23471616466997525,0.5922767809872758,2022-23
177,Damion Lee,1627814,8.162162162162161,5.265621317921957,0.6451257906063325,20.43243243243243,7.370955740117379,0.3607478338417236,0.40344315360127414,0.20903778583570246,0.5181344235730817,2022-23
178,Grant Williams,1629684,8.113924050632912,5.535404327696471,0.6822105177660236,25.88607594936709,8.766175293490829,0.33864442454072147,0.3076944675283559,0.1877977736436831,0.6103384800910546,2022-23
179,Jevon Carter,1628975,8.037037037037036,6.979334575094614,0.8683964678689152,22.333333333333332,7.212835780745324,0.3229627961527757,0.34510281364112083,0.26210702869062596,0.7595041776831069,2022-23
180,Jarred Vanderbilt,1629020,7.935897435897436,4.414673712670505,0.5562916794641347,24.08974358974359,4.475578457674777,0.18578771671028876,0.3263791583688139,0.16776910357898292,0.5140313015618511,2022-23
181,Ochai Agbaji,1630534,7.915254237288136,7.052238909817614,0.890968084966251,20.491525423728813,10.756510268214527,0.5249248187135295,0.35178071740610006,0.30137997143230416,0.8567268088329791,2022-23
182,Tre Mann,1630544,7.7164179104477615,6.3048946117384785,0.8170753171885455,17.65671641791045,8.902761299265306,0.5042138690200976,0.4034055608890422,0.23693040457754636,0.5873255788923413,2022-23
183,Pat Connaughton,1626192,7.639344262295082,4.564474365083914,0.5974955713951046,23.672131147540984,7.404326013611704,0.3127866252287493,0.3065208557552586,0.15477334868213968,0.5049357842251307,2022-23
184,Joe Harris,203925,7.594594594594595,5.347945243413187,0.704177843438747,20.594594594594593,8.0765497158655,0.3921684245236529,0.34186353583285906,0.22807012450457678,0.6671379091336692,2022-23
185,Trey Lyles,1626168,7.594594594594595,5.54167008830746,0.7296860970369253,16.864864864864863,6.091368976583638,0.3611869425217863,0.4277505191423619,0.2792643104113672,0.6528672623736168,2022-23
186,Torrey Craig,1628470,7.443037974683544,4.903548781483222,0.658810125403358,24.734177215189874,6.802542625615833,0.2750260324583679,0.3070240854053834,0.1917994267883337,0.6247048225388856,2022-23
187,Obi Toppin,1630167,7.417910447761194,6.375020507944062,0.8594092032842096,15.656716417910447,6.3712237509782526,0.406932308213101,0.45177629418181614,0.27115993439988867,0.6002084170683845,2022-23
188,Trendon Watford,1630570,7.403225806451613,5.289828400388109,0.7145301978737751,19.112903225806452,8.80779244910703,0.46082964712627494,0.3947644743565523,0.2497554509840938,0.6326695212156148,2022-23
189,Devonte' Graham,1628984,7.383561643835616,6.460628918874483,0.8750016903113864,18.34246575342466,7.106763558755905,0.38744864808751384,0.3652419071179169,0.23006000135167018,0.6298839121913692,2022-23
190,Mitchell Robinson,1629011,7.372881355932203,4.574661491470485,0.6204713287281807,26.966101694915253,7.36713602167719,0.273199890181618,0.26981549323153126,0.15505084165021954,0.5746550718537461,2022-23
191,Josh Okogie,1629006,7.347222222222222,6.97108660922399,0.9488057388735865,18.72222222222222,11.242803297135941,0.600505814090347,0.38224765408519207,0.37196889960236657,0.9731096989792521,2022-23
192,Isaiah Jackson,1630543,7.222222222222222,4.998207564021986,0.6920595088645827,16.555555555555557,6.890333991103811,0.41619467060358584,0.4372535298891264,0.4135727093947107,0.945841899777412,2022-23
193,Reggie Bullock Jr.,203493,7.1923076923076925,5.367186721802523,0.7462398650634524,30.358974358974358,7.481534600157909,0.24643568362006626,0.2281094118780076,0.16220592135521888,0.7110882449776612,2022-23
194,Troy Brown Jr.,1628972,7.118421052631579,4.563528182632842,0.6410871384105287,24.513157894736842,7.092706904142465,0.28934284740463084,0.2796952895501069,0.1694239669017352,0.6057447988282376,2022-23
195,Kendrick Nunn,1629134,7.085714285714285,5.830312734652485,0.8228263940033749,13.771428571428572,7.229511636986054,0.5249645379554188,0.5076016891438723,0.4295808435893485,0.8462951419919135,2022-23
196,Kevon Looney,1626172,7.048780487804878,3.9996988745431796,0.5674313282223888,23.914634146341463,5.238040392021549,0.21903075581120196,0.29579017721333195,0.16479510493253724,0.5571351506161832,2022-23
197,Xavier Tillman,1630214,7.032786885245901,4.729225493724295,0.6724539746321259,19.327868852459016,9.989530038120595,0.5168459137619646,0.3922277606292593,0.306833663115318,0.782284412054512,2022-23
198,Cory Joseph,202709,6.887096774193548,5.248277902445801,0.7620450350155495,19.822580645161292,8.17538126357818,0.41242769596570145,0.3392629383468139,0.21959815777746547,0.6472801268760447,2022-23
199,Aaron Wiggins,1630598,6.8428571428571425,5.630238531476713,0.8227905995894987,18.571428571428573,8.324177164491307,0.4482249242418395,0.33222550467686507,0.2147693203005734,0.6464564498426034,2022-23
200,Larry Nance Jr.,1626204,6.7846153846153845,5.284092600947169,0.778834510343687,21.26153846153846,6.055155146332243,0.28479383828624877,0.29439344960021296,0.1888080557626861,0.6413459810980439,2022-23
201,Terence Davis,1629056,6.734375,6.810920706704482,1.011366415844749,13.078125,7.820008296792579,0.5979456762183095,0.4839233991800381,0.4252917380321821,0.8788410288752275,2022-23
202,Anthony Lamb,1630237,6.693548387096774,5.036225198669999,0.7523999091988913,19.258064516129032,7.294586997985511,0.37878089939288245,0.33192908170649965,0.18973763720845507,0.57162101082853,2022-23
203,Dwight Powell,203939,6.657894736842105,4.6376793954992825,0.696568446754833,19.18421052631579,6.45540709032005,0.33649584284247175,0.3414462991565757,0.19822503648031492,0.5805452774563992,2022-23
204,David Roddy,1631223,6.6571428571428575,4.781867060886544,0.7183062108627856,18.02857142857143,8.4114680663399,0.46656320494753806,0.36470758238414913,0.24536431892937333,0.6727699965144386,2022-23
205,Drew Eubanks,1629234,6.641025641025641,4.054737037206289,0.6105588588843447,20.28205128205128,6.528454075867627,0.3218833235889222,0.32977064210841817,0.1755800998569064,0.5324309609076153,2022-23
206,Jock Landale,1629111,6.608695652173913,4.621616063495882,0.69932348329214,14.202898550724637,6.113099988945936,0.43041214207884654,0.45254187720205147,0.2292458191920238,0.506573713375193,2022-23
207,Kevin Knox II,1628995,6.587301587301587,6.576190976729372,0.9983133289974709,15.095238095238095,9.293970098097573,0.6156888708518897,0.3792117310335847,0.30114379391841856,0.7941310072281174,2022-23
208,Jordan Goodwin,1630692,6.564516129032258,5.068776059921885,0.7721477044598449,17.838709677419356,8.93545809807912,0.5009027143588657,0.37722158865406424,0.32238230386984945,0.8546231540461863,2022-23
209,Isaac Okoro,1630171,6.447368421052632,4.561855578138076,0.7075531100785586,21.789473684210527,7.498116722615414,0.344116467946118,0.2812562183774719,0.1700609408099249,0.6046477542469385,2022-23
210,Sam Hauser,1630573,6.4,5.845262064920182,0.9133221976437784,16.1,8.98465640038123,0.5580531925702626,0.36959792418701237,0.2656625734327563,0.7187880560128201,2022-23
211,Goran Dragic,201609,6.293103448275862,4.848615721024233,0.7704649638887822,14.96551724137931,5.4963002460231705,0.367264302153622,0.38464547992112963,0.27969265173749114,0.727143997103102,2022-23
212,Patrick Beverley,201976,6.1940298507462686,4.153271094808791,0.6705281044631061,27.119402985074625,5.150823376544238,0.18993129676855475,0.2286384053184266,0.15647326533765485,0.6843699995183803,2022-23
213,Nickeil Alexander-Walker,1629638,6.1525423728813555,5.64102448301735,0.9168607286446934,14.94915254237288,8.484110358769382,0.567531191799766,0.39352939239728507,0.3656247813571842,0.929091418381451,2022-23
214,Nicolas Batum,201587,6.128205128205129,5.389646096756731,0.8794819990523535,21.91025641025641,6.993848683945014,0.31920432846560043,0.2567381288330181,0.2093769283327648,0.8155272038651613,2022-23
215,Oshae Brissett,1629052,6.123076923076923,4.7120447137750485,0.7695550411944175,16.723076923076924,6.64150701156111,0.39714623344201666,0.33787483838995636,0.2217209636328022,0.656222181827296,2022-23
216,Mike Muscala,203488,6.079365079365079,5.884099918291522,0.967880665410877,15.031746031746032,7.374691363620131,0.4906077675903572,0.35536880444185476,0.2913477052415041,0.8198460348794466,2022-23
217,Andre Drummond,203083,5.955223880597015,4.5840065703483495,0.769745464193833,12.686567164179104,4.3387225994136855,0.34199342842437286,0.4558814064191589,0.3027431163828337,0.6640830534432399,2022-23
218,Josh Christopher,1630528,5.8125,4.652614898831128,0.800449875067721,12.234375,6.755931403365795,0.5522089525101033,0.47054721917537823,0.35664616586252873,0.7579391638687013,2022-23
219,Jalen Johnson,1630552,5.642857142857143,4.334010139851953,0.7680524298471816,14.871428571428572,6.9905141287804495,0.4700633900236613,0.3685523485250163,0.22640800700627975,0.6143170920288189,2022-23
220,Davion Mitchell,1630558,5.625,4.329396134113388,0.76967042384238,18.075,5.98262251457492,0.3309887974868559,0.3045512057281401,0.20944300885966857,0.6877103256213323,2022-23
221,Alex Caruso,1627936,5.582089552238806,3.371670091212973,0.6040157650033936,23.507462686567163,6.532838109698265,0.277904859269704,0.2584321811040574,0.17790531366523332,0.6884023224398665,2022-23
222,Yuta Watanabe,1629139,5.551724137931035,4.834715158042627,0.8708493141815912,16.0,8.126197617539106,0.5078873510961941,0.3311259721578766,0.25176501420081865,0.7603300114458564,2022-23
223,Wenyen Gabriel,1629117,5.470588235294118,4.012929061024472,0.7335461724453336,15.044117647058824,6.670124578776648,0.4433709397427293,0.3356883710410314,0.21809043975302475,0.6496812477497692,2022-23
224,Lamar Stevens,1630205,5.290322580645161,4.138531840625997,0.7822834576793043,18.129032258064516,9.459982793745386,0.5218139975197633,0.28367014990898826,0.18944467467998466,0.6678343658674183,2022-23
225,John Konchar,1629723,5.055555555555555,4.614395383734849,0.9127375484310691,20.75,8.14438370384727,0.392500419462519,0.21937249928542565,0.17644508984417273,0.8043172704824771,2022-23
226,Derrick Jones Jr.,1627884,4.984375,3.868850727590941,0.7761957572596245,13.953125,6.390542832843912,0.4580008301254315,0.34604380571943816,0.2498643239058128,0.7220598079666112,2022-23
227,Isaiah Hartenstein,1628392,4.951219512195122,3.5412993326694644,0.7152377962534386,19.890243902439025,6.492172109949741,0.32639982404407036,0.24588766243719046,0.15865416615513794,0.6452302835473275,2022-23
228,Vlatko Cancar,1628427,4.95,5.247840556693256,1.060169809432981,14.8,9.432723423616356,0.6373461772713753,0.2788057144731348,0.2999972132767778,1.0760081221566389,2022-23
229,Chimezie Metu,1629002,4.863636363636363,3.4680358601480363,0.7130541020865122,10.454545454545455,4.221490142234022,0.4037947092571673,0.4540827339624131,0.3373913901047514,0.743017439048187,2022-23
230,Moses Moody,1630541,4.7936507936507935,5.099521578315065,1.0638074815690368,12.952380952380953,8.097049584976421,0.6251398576636208,0.3450472954909371,0.3308819804750875,0.9589467438204521,2022-23
231,Christian Braun,1631128,4.7368421052631575,4.499980506780391,0.9499958847647493,15.526315789473685,9.066382864495301,0.5839365234759685,0.2539820973872197,0.20625249471011223,0.812074932965298,2022-23
232,Bismack Biyombo,202687,4.311475409836065,3.748515188740547,0.8694274772364007,14.262295081967213,7.4384174825569405,0.5215442142942223,0.2710675216219062,0.1930471745661307,0.7121737543880272,2022-23
233,Ish Wainright,1630688,4.183333333333334,3.7978212606287327,0.907845719672207,15.216666666666667,7.805021561912619,0.51292584196578,0.29144752203422947,0.4128187990843263,1.4164429884425032,2022-23
234,Paul Reed,1630194,4.159420289855072,4.748446149580368,1.141612488923503,10.884057971014492,7.411311370593199,0.6809327357802007,0.35112211648365327,0.38643614825254274,1.1005747861243982,2022-23
235,Matisse Thybulle,1629680,4.126760563380282,4.184766856331558,1.0140561324216404,16.87323943661972,10.19794037674105,0.6043854480372408,0.23122135287820686,0.23236129561634875,1.0049300928480525,2022-23
236,Aaron Holiday,1628988,3.9206349206349205,3.5209125801168932,0.8980465285318392,13.428571428571429,8.342882393750058,0.6212784761303234,0.30248932390763733,0.318554972150166,1.053111455422586,2022-23
237,Dyson Daniels,1630700,3.847457627118644,3.675705699646663,0.9553596311856966,17.627118644067796,8.415704336874061,0.4774293806495862,inf,,,2022-23
238,JT Thor,1630550,3.7971014492753623,3.7400051515571926,0.984963188768879,14.0,8.065905003743335,0.5761360716959525,0.24120026100485012,0.1911846870727238,0.7926388067585026,2022-23
239,Luke Kornet,1628436,3.782608695652174,3.876283716083013,1.02476466057367,11.695652173913043,7.432647275654662,0.6355051573979823,0.3178778374176998,0.32890203291684367,1.0346806043123344,2022-23
240,P.J. Tucker,200782,3.546666666666667,3.1506899001404194,0.8883524154531257,25.56,6.344267469907754,0.24821077738293248,0.1376615810170205,0.12214133733219763,0.8872579875215588,2022-23
241,Miles McBride,1630540,3.46875,4.070680103856911,1.1735293993101004,11.9375,8.666437725913852,0.7259843121184378,0.24073906636863604,0.2234795581765411,0.9283061596422992,2022-23
242,Anthony Gill,1630264,3.305084745762712,3.312745695705975,1.002317928444372,10.627118644067796,7.256146752414634,0.6827953084409305,0.3513687914689144,0.4018850808912031,1.1437699950843752,2022-23
243,Christian Koloko,1631132,3.1379310344827585,2.717379257712849,0.8659780052051937,13.827586206896552,7.066446366231329,0.5110397621464053,0.22815174796773416,0.1955813154722649,0.8572422399320146,2022-23
244,Usman Garuba,1630586,3.0,2.880502959084975,0.960167653028325,12.92,5.042414693968154,0.3902797750749345,0.23500641897998203,0.2574036355835106,1.0953047014662027,2022-23
245,Luka Doncic,1629029,33.857142857142854,8.810872259844428,0.2602367334131266,37.48571428571429,4.3928230569803155,0.1171865906968834,0.906790410887911,0.22191300558728347,0.2447235909453329,2023-24
246,Giannis Antetokounmpo,203507,30.438356164383563,9.119555150837286,0.2996073474397488,35.24657534246575,4.636152685140893,0.13153484104752633,0.8605700532041185,0.2250344627199219,0.2614946475095921,2023-24
247,Shai Gilgeous-Alexander,1628983,30.053333333333335,6.972713871853537,0.2320113311397583,34.053333333333335,4.837615375629042,0.1420599660032021,0.8895447390576493,0.1988312505197947,0.22352023657677875,2023-24
248,Jalen Brunson,1628973,28.727272727272727,10.118555601671359,0.352228201324003,35.44155844155844,5.613642936007509,0.1583915375861408,0.7958372701725978,0.25077502881803876,0.31510842507244197,2023-24
249,Kevin Durant,201142,27.093333333333334,7.4347128360788055,0.27441115290645196,37.2,3.349061990500656,0.09002854813173805,0.7329183423578054,0.20196818382181292,0.27556710229420556,2023-24
250,Devin Booker,1626164,27.073529411764707,10.223350761377937,0.3776142595185767,35.955882352941174,5.044381605013379,0.14029363973043346,0.7626645027787365,0.28128730756055437,0.36882181684829396,2023-24
251,Jayson Tatum,1628369,26.85135135135135,7.043276075439692,0.26230620512457836,35.78378378378378,5.234946507741174,0.14629382234624128,0.7572086301054928,0.1969534929938769,0.26010465961862816,2023-24
252,De'Aaron Fox,1628368,26.56756756756757,8.480567765112177,0.3192075354111399,35.932432432432435,4.408370248606252,0.12268499375587161,0.7376666494463375,0.22028060749777562,0.2986180921465126,2023-24
253,Stephen Curry,201939,26.43243243243243,9.583206031273555,0.36255482940400974,32.7027027027027,3.816796798470481,0.11671196821769239,0.7980979975159272,0.2560056353145633,0.3207696750416346,2023-24
254,Nikola Jokic,203999,26.39240506329114,8.160910145193533,0.30921434123275254,34.64556962025316,4.875469667536168,0.14072418843089415,0.7558068914670223,0.21041320919243758,0.27839546260821363,2023-24
255,Tyrese Maxey,1630178,25.942857142857143,8.839774595929033,0.3407402101955024,37.48571428571429,5.22186833448446,0.1393028900205458,0.689287081154319,0.20570331458290728,0.29842908739624846,2023-24
256,Anthony Edwards,1630162,25.936708860759495,9.589446351965695,0.3697248715496778,35.12658227848101,5.409789532394964,0.1540084227240368,0.7231099181383894,0.24536156845062132,0.3393143452966217,2023-24
257,LeBron James,2544,25.661971830985916,6.656776701703162,0.259402385192604,35.32394366197183,4.683633046158334,0.13259088767035157,0.7276598809572977,0.1697065539651199,0.23322235897059032,2023-24
258,Kyrie Irving,202681,25.637931034482758,7.844314682447764,0.30596519944987915,34.98275862068966,4.975347574247804,0.14222284835208113,0.7341381123213253,0.19628397311958243,0.26736654837185564,2023-24
259,Anthony Davis,203076,24.68421052631579,8.05184952056075,0.3261943302572585,35.53947368421053,6.4030009411706,0.18016589097703278,0.6921612463225134,0.19236667596476192,0.27792176604341184,2023-24
260,Damian Lillard,203081,24.315068493150687,8.24768774386152,0.33920067904331885,35.32876712328767,4.352696464774412,0.1232054447183141,0.6906992505058155,0.22797196762725017,0.3300596713552257,2023-24
261,DeMar DeRozan,201942,24.0126582278481,7.265114520575629,0.3025535303771612,37.91139240506329,4.359457368660961,0.1149906952000721,0.6308692330413704,0.1640546021942915,0.26004533681789693,2023-24
262,Kawhi Leonard,202695,23.720588235294116,7.0517185123325055,0.29728261552300705,34.279411764705884,4.683555188214777,0.13662880857941007,0.6941293678327243,0.19683143750132262,0.28356592678953807,2023-24
263,Jaylen Brown,1627759,23.0,7.753447106222207,0.33710639592270464,33.457142857142856,4.683259469072623,0.13997786628312708,0.6923185551563419,0.23318025854760902,0.33681064419102763,2023-24
264,Zion Williamson,1629627,22.87142857142857,7.243030490287184,0.3166846560400393,31.571428571428573,4.339142467112191,0.13743890167323683,0.7151021718305646,0.18469824362161866,0.258282313908817,2023-24
265,Cade Cunningham,1630595,22.661290322580644,8.621253851958242,0.3804396717590114,33.46774193548387,5.644430714983166,0.1686528695561235,0.6649047529098874,0.21290804739548805,0.32020834031298145,2023-24
266,Paul George,202331,22.58108108108108,7.8513706276714395,0.34769684407401946,33.770270270270274,5.950819667951121,0.1762147480705814,0.6744192216086813,0.21130647279120282,0.31331620751730194,2023-24
267,Paolo Banchero,1631094,22.55,7.249443453103613,0.3214830799602489,34.975,3.6212278496720565,0.10353760828226037,0.6385851270529121,0.17595670135570798,0.27554149619449014,2023-24
268,Jaren Jackson Jr.,1628991,22.515151515151516,8.496591939835323,0.3773721857531166,32.18181818181818,4.889263247657576,0.15192625910800378,0.6909868502716439,0.22925150547957285,0.3317740495198258,2023-24
269,Dejounte Murray,1627749,22.474358974358974,7.630636063042631,0.33952630514393906,35.666666666666664,3.792222617536104,0.10632399862250759,0.6258552918382899,0.18877998737378776,0.3016352019958077,2023-24
270,Cam Thomas,1630560,22.454545454545453,9.413871627602482,0.4192412465733899,31.37878787878788,6.625742690481286,0.21115355749481646,0.701308984918924,0.24193103129419832,0.34497067126862374,2023-24
271,Kyle Kuzma,1628398,22.185714285714287,6.884750755159009,0.3103236013271929,32.57142857142857,4.332457309126511,0.13301404019248061,0.68637168574728,0.21679362963424592,0.31585456413198937,2023-24
272,Karl-Anthony Towns,1626157,21.758064516129032,8.44011786855573,0.3879075669758749,32.66129032258065,4.5913087829681585,0.14057340471309918,0.6631842378121958,0.22288024064215803,0.3360759015887143,2023-24
273,Pascal Siakam,1627783,21.7125,6.64696323543049,0.30613532460244053,33.25,3.8302592700689817,0.11519576752087163,0.655125726414876,0.1901959561248292,0.29031977902266426,2023-24
274,Victor Wembanyama,1641705,21.43661971830986,7.248117774126303,0.33811850326081966,29.6056338028169,4.419046029047564,0.14926368604299575,0.7271893720038843,0.2314459405470449,0.31827464682172035,2023-24
275,Jamal Murray,1627750,21.1864406779661,7.826732652221568,0.369421781184858,31.559322033898304,6.267791742355566,0.19860349774381225,0.6678558939222153,0.23016614626337176,0.34463444637980395,2023-24
276,Alperen Sengun,1630578,21.126984126984127,7.08358407435485,0.3352860981850906,32.492063492063494,5.133297424416067,0.15798619332594638,0.6455759450023822,0.1770690466584517,0.2742807380436058,2023-24
277,Miles Bridges,1628970,21.0,7.085610937169863,0.3374100446271363,37.47826086956522,4.202970572919663,0.11214422642361051,0.555065994492403,0.16818173255402524,0.3029941200195918,2023-24
278,Brandon Ingram,1627742,20.8125,7.617596588017626,0.3660106468717178,32.890625,4.2505543522683364,0.12923300643476177,0.636963069535021,0.2389887970412191,0.3752003977494007,2023-24
279,Jimmy Butler,202710,20.766666666666666,6.914408112631377,0.3329570519726185,34.03333333333333,4.333420251192622,0.12732870473631602,0.6057733238492097,0.1746472941272105,0.28830469624754235,2023-24
280,RJ Barrett,1629628,20.17241379310345,6.232731740463273,0.3089730264503161,31.689655172413794,4.239359834790204,0.13377740501514246,0.6333676982601313,0.16966093713976876,0.26787115542177065,2023-24
281,Tyrese Haliburton,1630169,20.130434782608695,8.420760485913688,0.4183099161469003,32.26086956521739,5.465539567339014,0.169416994674929,0.6172961677681117,0.21816167803706152,0.35341492370808675,2023-24
282,CJ McCollum,203468,20.03030303030303,7.528345812726105,0.37584782423594776,32.71212121212121,5.363021971053695,0.16394601671586098,0.6084119505280362,0.21619209321630928,0.35533834111686624,2023-24
283,Scottie Barnes,1630567,19.85,6.498565682687479,0.3273836615963465,34.93333333333333,4.9398643591707705,0.14140833089229307,0.5690479756334157,0.1746728097033544,0.30695620963930764,2023-24
284,Terry Rozier,1626179,19.75409836065574,8.127434481854074,0.4114302932722809,33.459016393442624,4.671094698575496,0.13960645595938523,0.5788979672506395,0.19749682632879662,0.34115999278209325,2023-24
285,Franz Wagner,1630532,19.73611111111111,6.825785938455827,0.3458526302384374,32.486111111111114,5.409936230275682,0.16653074330049128,0.6166550121950991,0.20206273370594463,0.32767549068751495,2023-24
286,Jalen Green,1630224,19.634146341463413,9.291589446776886,0.47323623269298426,31.70731707317073,5.957644337015392,0.18789493678279312,0.607801678027241,0.25445740672767153,0.41865203063204937,2023-24
287,Mikal Bridges,1628969,19.585365853658537,8.256611596150314,0.42157045509609326,34.81707317073171,5.5956951019147105,0.16071698716532618,0.5551759759648754,0.19900771502946465,0.3584588016143828,2023-24
288,Devin Vassell,1630170,19.455882352941178,7.434156394600898,0.38210327651765763,33.029411764705884,5.444346892112089,0.1648332986035717,0.5869196816768522,0.2083631503013601,0.35501135301180997,2023-24
289,Domantas Sabonis,1627734,19.426829268292682,6.33631603800298,0.32616316077604796,35.73170731707317,3.9660559146609877,0.11099542150245767,0.5432517932219252,0.1669370913106634,0.3072922968566576,2023-24
290,Bam Adebayo,1628389,19.253521126760564,5.434593715552131,0.28226492597234915,34.014084507042256,5.0863766439563936,0.14953736717221694,0.5721253459062657,0.15436705549272506,0.26981334876573676,2023-24
291,Coby White,1629632,19.10126582278481,7.242316771814398,0.37915376075105195,36.45569620253165,5.66771664862385,0.15546861640322365,0.5156548487278149,0.167168397325556,0.32418660997367016,2023-24
292,Jalen Williams,1631114,19.08450704225352,6.86553812035827,0.35974406387117136,31.35211267605634,5.562883608728983,0.1774324960555965,0.6082461732580078,0.18571523403384915,0.3053290628021294,2023-24
293,Collin Sexton,1629012,18.692307692307693,6.771421405594829,0.3622571122334682,26.58974358974359,6.632145051591377,0.24942493443786276,0.6948190315212458,0.19115745971128367,0.27511834166770166,2023-24
294,Nikola Vucevic,202696,18.026315789473685,6.462143471450787,0.3584838714089488,34.36842105263158,4.169227283364494,0.12130982907186122,0.5234573643096567,0.17576012386109469,0.3357677928419055,2023-24
295,D'Angelo Russell,1626156,18.013157894736842,8.593786004709266,0.4770838103417854,32.69736842105263,6.540172753767503,0.2000213799944991,0.5473657101973934,0.22935168911071502,0.41900996872457574,2023-24
296,Klay Thompson,202691,17.857142857142858,7.44402672178079,0.4168654964197242,29.649350649350648,5.873146367749245,0.19808684639364513,0.6002367075202464,0.2572899211726727,0.42864742850468557,2023-24
297,Fred VanVleet,1627832,17.397260273972602,7.990862361381206,0.45931728533923466,36.794520547945204,5.2756224069603315,0.14338065365156524,0.4673046029900519,0.1989517981701403,0.4257432879906292,2023-24
298,Jordan Poole,1629673,17.384615384615383,8.404128189727393,0.4834233029489209,30.076923076923077,4.998101537685982,0.16617728897677178,0.5698704192838012,0.2535978372790304,0.4450096525412668,2023-24
299,Brandon Miller,1641706,17.283783783783782,7.263193513008219,0.42023168097154673,32.2027027027027,7.012669024124153,0.2177664741020509,0.5341671500765554,0.19884962664031944,0.3722610546377119,2023-24
300,Tobias Harris,202699,17.2,7.323972945754574,0.4258123805671264,33.871428571428574,5.047373914903967,0.1490156786348704,0.5006318333032019,0.18421188628544025,0.367958795328691,2023-24
301,Myles Turner,1626167,17.051948051948052,6.200373723660161,0.36361673779271314,27.0,5.062763963228823,0.18750977641588235,0.6326143216461321,0.21331911834854597,0.33720248032555783,2023-24
302,Immanuel Quickley,1630193,17.0,6.67586430202895,0.39269790011935,29.220588235294116,6.4642428380832255,0.22122220080002988,0.5818088573511834,0.19387440129105746,0.33322696765689436,2023-24
303,Bogdan Bogdanovic,203992,16.873417721518987,6.221070665143385,0.3686906095621361,30.40506329113924,5.256300218130845,0.1728758189976423,0.559883736685064,0.1920080740033863,0.3429427601169836,2023-24
304,Michael Porter Jr.,1629008,16.74074074074074,6.765311851233796,0.4041226105825498,31.691358024691358,5.156650985156554,0.16271473696832134,0.5249852476237667,0.19423445029852532,0.36998077789363787,2023-24
305,James Harden,201935,16.555555555555557,6.817312032537662,0.41178394827408693,34.291666666666664,5.185129061101728,0.1512066797891148,0.48524215432217965,0.20176606320702947,0.41580489536996323,2023-24
306,Chet Holmgren,1631096,16.548780487804876,6.614896094896824,0.3997210610033453,29.414634146341463,4.91144096306109,0.1669727027242991,0.5670677889425435,0.2206434240723743,0.3890953222432642,2023-24
307,Jarrett Allen,1628386,16.506493506493506,6.0841108346235435,0.36858893333281895,31.7012987012987,5.518068252436801,0.17406442254716661,0.5165668188955815,0.15593030885784254,0.301858933160324,2023-24
308,Jonathan Kuminga,1630228,16.054054054054053,6.8843517057161625,0.42882325439646135,26.364864864864863,6.234183986817227,0.23645802922833153,0.5981968863275955,0.21036410973419364,0.3516636654958953,2023-24
309,Austin Reaves,1630559,15.853658536585366,5.689761111996961,0.3588926239875006,32.0,5.103859590158156,0.15949561219244238,0.4977719683419925,0.1693114495624063,0.34013857816533666,2023-24
310,Keldon Johnson,1629640,15.710144927536232,6.804197340559381,0.43310850230497905,29.55072463768116,5.5797328417071395,0.18881881612446916,0.5192394943704474,0.20212197190483466,0.38926540468555404,2023-24
311,Donte DiVincenzo,1628978,15.54320987654321,8.907930992542614,0.5731075539284763,29.17283950617284,9.43237791261672,0.32332738507065356,0.5148591543435689,0.23312752405818465,0.45279863840707224,2023-24
312,Kelly Oubre Jr.,1626162,15.426470588235293,7.302251087125158,0.47335850707770327,30.279411764705884,6.389930483903034,0.21103218693803122,0.4979373053804981,0.19102132247094664,0.38362524841350853,2023-24
313,Malik Monk,1628370,15.416666666666666,8.038201046026282,0.5213968246071102,26.02777777777778,6.221209117165184,0.23902190845031657,0.594714268791008,0.2963005965054297,0.49822345293274684,2023-24
314,Jaden Ivey,1631093,15.38961038961039,7.060184588603459,0.4587630492172712,28.83116883116883,6.377185069082715,0.2211906532970131,0.5217610986050344,0.18253905965242848,0.3498518002596585,2023-24
315,Keegan Murray,1631099,15.220779220779221,8.015812295285285,0.5266361320281288,33.64935064935065,5.53640162866173,0.16453219815011702,0.44380527417776183,0.2119685393333997,0.4776160890068598,2023-24
316,Derrick White,1628401,15.164383561643836,7.337146165290504,0.4838407137002771,32.602739726027394,4.861240485340813,0.14910527539070564,0.46169272127320315,0.2158207667371947,0.46745542390624867,2023-24
317,John Collins,1628381,15.102941176470589,4.908535684259851,0.3250052838653066,27.926470588235293,5.567271569670849,0.19935464283181556,0.5465607020117272,0.17742957142733914,0.32462921460374616,2023-24
318,Deni Avdija,1630166,14.693333333333333,6.949573841364417,0.4729746262271609,30.12,6.396705232995955,0.2123740117196532,0.4786318323217617,0.1794782635499183,0.3749818784080861,2023-24
319,Bennedict Mathurin,1631097,14.508474576271187,7.684226749414117,0.5296371240834497,26.050847457627118,6.270961343046599,0.24072005155481416,0.536488099361373,0.21817808172720105,0.40667832517984426,2023-24
320,Tim Hardaway Jr.,203501,14.417721518987342,8.39659209706718,0.5823799610784084,26.860759493670887,6.6056195524859245,0.24592080332063526,0.5115598813229439,0.23762718554801276,0.4645148969334452,2023-24
321,Dennis Schroder,203471,14.025,6.556425006111143,0.467481283858192,31.1125,5.165596391119748,0.16602961482104453,0.4460933814163388,0.19282409176951837,0.4322505103243298,2023-24
322,Caris LeVert,1627747,14.0,7.223510536962754,0.5159650383544825,28.779411764705884,5.452222847350699,0.1894487243841837,0.4803035204298099,0.22501406682695346,0.4684830680099842,2023-24
323,Scoot Henderson,1630703,14.0,6.883098806520786,0.4916499147514847,28.467741935483872,7.221819719673046,0.25368431876471886,0.4981471363659922,0.23034934944088784,0.46241227264959833,2023-24
324,Rudy Gobert,203497,13.960526315789474,5.18829654632728,0.3716404689169399,34.05263157894737,4.7550527143018595,0.13963833318660793,0.4084151946035509,0.14316312646214532,0.35053330129187266,2023-24
325,Norman Powell,1626181,13.894736842105264,5.5799138520671825,0.40158470905028965,26.18421052631579,5.217178103958217,0.19924901301548967,0.5198542469991169,0.17867334322259926,0.3436989199453492,2023-24
326,Aaron Gordon,203932,13.876712328767123,5.270318368729024,0.3797958942914301,31.45205479452055,5.198934441814899,0.1652971316430695,0.4435442436108101,0.161427189385999,0.36394833595821396,2023-24
327,Jalen Duren,1631105,13.78688524590164,5.063314968471284,0.3672559013992251,29.098360655737704,5.729179458505342,0.19689011096835263,0.466556924179717,0.15538669552338466,0.3330498112241711,2023-24
328,Bobby Portis,1626171,13.78048780487805,6.865595727785048,0.49821137139679106,24.536585365853657,4.4477629887094725,0.18127065858557492,0.5571091798233905,0.24987879102042745,0.44852750604404273,2023-24
329,Jabari Smith Jr.,1631095,13.736842105263158,6.379902655584711,0.46443735806938513,31.855263157894736,6.469835541172942,0.20310099179229393,0.42386468521372195,0.16532142944857725,0.39003350648384055,2023-24
330,Gary Trent Jr.,1629018,13.71830985915493,7.364360312810706,0.5368270864574539,28.08450704225352,5.515553278485019,0.19639131533221482,0.4715212044071292,0.2136600803721981,0.4531293150237968,2023-24
331,Saddiq Bey,1630180,13.698412698412698,5.552200727973289,0.40531708674660166,32.698412698412696,4.969698246940412,0.15198591726079902,0.4163283337775912,0.15582419514438758,0.3742819849192181,2023-24
332,Rui Hachimura,1629060,13.573529411764707,7.124303949181005,0.5248674632116016,26.83823529411765,7.162527474600526,0.26687773603991,0.5011448160898124,0.20907753934678244,0.41719984450425346,2023-24
333,Grayson Allen,1628960,13.52,7.117469942218118,0.5264400844835886,33.50666666666667,4.691491243740106,0.14001665072841543,0.3950519724525543,0.18392334230077273,0.465567457261239,2023-24
334,Naz Reid,1629675,13.45679012345679,6.48083594668938,0.48160340521269707,24.246913580246915,5.743541730059796,0.23687723021122375,0.5445207706277965,0.19585465789671505,0.35968262086845204,2023-24
335,Cameron Johnson,1629661,13.379310344827585,5.428409951703239,0.40573167164792256,27.586206896551722,5.197956692875023,0.1884259301167196,0.48119397649651935,0.17076786884492665,0.3548836377550995,2023-24
336,Corey Kispert,1630557,13.375,6.023950089728857,0.45038879175542856,25.85,7.486866137240737,0.2896273167211117,0.5149298004138034,0.1845552948709759,0.35840865050471965,2023-24
337,Andrew Wiggins,203952,13.225352112676056,6.352046201475084,0.48029316326382426,27.070422535211268,5.24356460996844,0.19370087789165413,0.47287594040025166,0.18705101408184396,0.3955604379523311,2023-24
338,Keyonte George,1641718,12.986666666666666,7.397028865432123,0.5695864116092497,27.0,7.7004738358946,0.28520273466276297,0.46536394491478944,0.2224588310040756,0.4780319434605295,2023-24
339,Duncan Robinson,1629130,12.867647058823529,7.194326976840343,0.5591019822001638,28.0,6.780128999785427,0.24214746427805098,0.441987665516463,0.2247078498016086,0.5084029879861857,2023-24
340,P.J. Washington,1629023,12.863013698630137,7.733971001894375,0.6012565315636734,30.410958904109588,6.381038787860215,0.2098269511323404,0.4083072606351297,0.22129210051765025,0.5419744438867587,2023-24
341,Dillon Brooks,1628415,12.708333333333334,6.731129072566452,0.5296626155462125,30.930555555555557,5.660155745851226,0.18299560561351066,0.40212821392054227,0.18266042732512158,0.4542342989174443,2023-24
342,Jalen Suggs,1630591,12.573333333333334,5.907332441684367,0.46983025782219245,27.013333333333332,5.924053883483372,0.21930110624938445,0.4555298715652897,0.2027610735079782,0.44511037840669265,2023-24
343,Brook Lopez,201572,12.531645569620252,6.037989653208736,0.48181937636716177,30.531645569620252,5.324918304508685,0.1744065282156659,0.41113336098755404,0.18568787789155497,0.45164877266473197,2023-24
344,Jrue Holiday,201950,12.46376811594203,4.616402056303052,0.37038574637780297,32.82608695652174,5.03212188240569,0.15329642820573625,0.38030596992243737,0.1364635279772101,0.3588256266527753,2023-24
345,Josh Giddey,1630581,12.325,5.749573456936511,0.4664968322058021,25.125,4.837550902489525,0.19253933940256818,0.4879203211471742,0.19818622995324456,0.4061856441791128,2023-24
346,Jonas Valanciunas,202685,12.21951219512195,6.2499864498498106,0.5114759370136572,23.51219512195122,6.680067831471648,0.28411076876591035,0.5030831351319159,0.19346048049094275,0.3845497234571668,2023-24
347,Harrison Barnes,203084,12.195121951219512,7.396093437287852,0.6064796618576038,29.01219512195122,7.490724968522739,0.258192285590107,0.4056551883029672,0.2141128208785801,0.5278197519778005,2023-24
348,Max Strus,1629622,12.185714285714285,6.091792666218931,0.499912645527931,32.01428571428571,5.779756920676838,0.1805368069823198,0.3766324343918662,0.1857675200785206,0.4932329324702802,2023-24
349,Aaron Nesmith,1630174,12.180555555555555,5.7416844681749435,0.47138116500410027,27.680555555555557,5.68869991555755,0.20551249067744284,0.44005964374041545,0.19330974111503735,0.4392807744694441,2023-24
350,Ayo Dosunmu,1630245,12.157894736842104,7.397391669282622,0.6084434706336356,29.144736842105264,10.039527143404609,0.3444713602251694,0.4040556724534225,0.19038412024710616,0.4711828919294597,2023-24
351,Buddy Hield,1627741,12.05952380952381,6.368883676797913,0.5281206602675466,25.702380952380953,6.829736119908633,0.26572386941747345,0.4603841674902486,0.20985830983565418,0.455833029575456,2023-24
352,Tyus Jones,1626145,11.969696969696969,5.77253363109688,0.4822623033574609,29.28787878787879,4.960661095878099,0.16937590911947983,0.40556897719786456,0.17998963994962275,0.4437953839398603,2023-24
353,Jaime Jaquez Jr.,1631170,11.853333333333333,6.450839738618015,0.5442215752489888,28.14666666666667,7.1597473406526,0.2543728330407129,0.40988158672395736,0.18844771691973947,0.45976136285100605,2023-24
354,Nic Claxton,1629651,11.845070422535212,4.646497566751431,0.39227268399447274,29.788732394366196,5.165588039980808,0.17340744720502949,0.39835808798541045,0.1386191216513991,0.34797616976331086,2023-24
355,Ivica Zubac,1627826,11.676470588235293,4.969882957481226,0.42563229358781285,26.38235294117647,5.488194689349147,0.20802521676462762,0.44184874125268536,0.17174774902804782,0.3887025875441577,2023-24
356,Jeremy Sochan,1631110,11.635135135135135,7.000145447264521,0.6016385169542098,29.62162162162162,4.884144609570578,0.16488444393623303,0.38558323191847144,0.21707766812049636,0.5629852393747137,2023-24
357,Cole Anthony,1630175,11.567901234567902,6.361875257353248,0.5499593338800567,22.444444444444443,6.488451279003334,0.28908941342094063,0.49864523934822425,0.21200378367896922,0.4251595462057913,2023-24
358,Clint Capela,203991,11.452054794520548,4.099597188513399,0.35797918033669635,25.78082191780822,4.276052746733402,0.16586176966606714,0.4476708195942879,0.15323337124936112,0.3422902823736254,2023-24
359,Mike Conley,201144,11.43421052631579,5.349979504797601,0.46789233873949104,28.81578947368421,3.628445126371311,0.1259186436548948,0.39913371308381745,0.1867253866665394,0.4678266469245292,2023-24
360,Malik Beasley,1627736,11.253164556962025,6.4697884767674045,0.5749305845496344,29.59493670886076,5.936672182166284,0.20059756304154677,0.372177492964378,0.20480314940410901,0.5502835428678413,2023-24
361,Zach Collins,1628380,11.246376811594203,5.545018424361926,0.4930493186610475,22.159420289855074,6.663383675876334,0.3007020756281668,0.5048956090038594,0.21465393990357784,0.42514519056143546,2023-24
362,Russell Westbrook,201566,11.088235294117647,4.967762624768737,0.44802103247251207,22.441176470588236,6.774364216334807,0.3018720620647227,0.49510262442645636,0.17335443881012386,0.35013839607686087,2023-24
363,Eric Gordon,201569,11.014705882352942,6.922799552460477,0.6285051663114986,27.823529411764707,5.846139628110232,0.2101149549215094,0.3822943304035822,0.21418796445303154,0.56026979062681,2023-24
364,Herbert Jones,1630529,11.013157894736842,4.951749646478859,0.4496212343278295,30.539473684210527,5.68375647959149,0.1861118020029958,0.3635454658043594,0.157713414383645,0.43382033120588515,2023-24
365,Daniel Gafford,1629655,11.0,5.411808499279766,0.49198259084361506,24.486486486486488,6.0187907656469335,0.2458005058818284,0.44584071862406754,0.2107126718016758,0.4726187245794131,2023-24
366,Jusuf Nurkic,203994,10.907894736842104,6.071084761015826,0.5565771312873375,27.342105263157894,5.092615913467779,0.18625544245599193,0.3968438566527617,0.19462948180825795,0.4904434793318691,2023-24
367,Luguentz Dort,1629652,10.886075949367088,5.775694745139283,0.5305580056581435,28.430379746835442,5.408169376766013,0.19022501369746886,0.3783228837272619,0.1747511856760879,0.4619101650802292,2023-24
368,Moritz Wagner,1629021,10.85,5.539501417038097,0.5105531259942947,17.6625,5.426012709536408,0.30720524894756734,0.6054426013523788,0.2391874800798801,0.39506219011613386,2023-24
369,Bruce Brown,1628971,10.835820895522389,5.298933611773316,0.4890200440617248,27.850746268656717,6.025837629044999,0.21636180125724275,0.384996036756435,0.17037120873751338,0.44252717553375104,2023-24
370,Santi Aldama,1630583,10.721311475409836,5.86552398210931,0.5470901573527033,26.57377049180328,7.444145387245475,0.28013131932262425,0.3908075529424203,0.17075953097306917,0.4369402016092254,2023-24
371,Jaden McDaniels,1630183,10.51388888888889,5.538579305189627,0.5267869352360015,29.23611111111111,7.239354604249746,0.24761687957528822,0.3551837189471969,0.16533642005588628,0.4654954921525158,2023-24
372,Simone Fontecchio,1631323,10.484848484848484,6.459917656637439,0.616119314072357,24.893939393939394,8.025207953938807,0.32237597380399347,0.4218183349670233,0.2383912171802982,0.5651513872646978,2023-24
373,Spencer Dinwiddie,203915,10.460526315789474,7.189697795176437,0.6873170219288166,28.31578947368421,7.170700619076287,0.2532403564357797,0.34718519195722664,0.20069565606962514,0.5780651384876776,2023-24
374,Alec Burks,202692,10.43939393939394,7.72235274606981,0.7397319031068323,18.348484848484848,7.4616814443321005,0.4066647195094291,0.5305730653039313,0.3040414923535264,0.5730435867100802,2023-24
375,Grant Williams,1629684,10.31578947368421,6.819991253788702,0.6611216011325782,27.973684210526315,6.770472527498655,0.24203006213071393,0.3538465043316828,0.2150550104578188,0.6077635579981145,2023-24
376,Obi Toppin,1630167,10.28048780487805,5.917695560500136,0.5756240046987083,21.097560975609756,5.910045342721679,0.280129316822646,0.46761727331878844,0.20671815717499598,0.44206698291504326,2023-24
377,T.J. McConnell,204456,10.23943661971831,5.665597405727192,0.5533114385235635,18.239436619718308,5.625108986201054,0.308403658702915,0.5403438037931096,0.23986543373248664,0.44391262016641514,2023-24
378,Kevin Huerter,1628989,10.234375,7.22592815480563,0.7060448884084891,24.453125,8.70491502743827,0.3559837455310219,0.37824230646156354,0.20590831322819017,0.544382026311259,2023-24
379,Reggie Jackson,202704,10.158536585365853,6.360506059909947,0.6261242459935362,22.182926829268293,6.120453563400383,0.27590829697571817,0.44289150180394155,0.21813459416202877,0.492523774499047,2023-24
380,Kentavious Caldwell-Pope,203484,10.078947368421053,5.061654954379346,0.5022007526538255,31.63157894736842,5.635227544091206,0.1781519523090398,0.3150399341813569,0.15114198231078432,0.47975499583420256,2023-24
381,Alex Caruso,1627936,10.070422535211268,4.492291631742954,0.4460877004947548,28.732394366197184,6.552987860464597,0.22806967553577764,0.3629109481701267,0.17539758080180537,0.48330749371490955,2023-24
382,Tre Jones,1630200,10.012987012987013,5.568930508902676,0.5561707512133671,27.74025974025974,5.816045404067409,0.20966081278707419,0.354926314423183,0.16906382901423891,0.47633500854676564,2023-24
383,Caleb Martin,1628997,10.0,5.698788509515902,0.5698788509515902,27.46875,7.0911721331682696,0.2581541618445786,0.35395205293723353,0.174831407748452,0.49394093436563546,2023-24
384,Jalen Smith,1630188,9.852459016393443,4.085894702403096,0.41470811455339246,17.131147540983605,5.783526634145368,0.33760299012714595,0.6083838366608757,0.27612869687000574,0.4538725065175013,2023-24
385,Kelly Olynyk,203482,9.76923076923077,5.656677646640472,0.5790299953254026,22.564102564102566,5.88104978611358,0.26063743370276093,0.4206031899565485,0.19972218905743344,0.4748470620921022,2023-24
386,Lonnie Walker IV,1629022,9.741379310344827,7.5150383613723335,0.771455265415213,17.5,7.8611860182821705,0.449210629616124,0.49324271092209626,0.29925704314217116,0.6067135641654448,2023-24
387,Nick Richards,1630208,9.73134328358209,4.962227290582444,0.5099221295537174,26.253731343283583,6.711237260229564,0.255629844477192,0.3778192551012089,0.1769852517661086,0.4684389410452318,2023-24
388,Payton Pritchard,1630202,9.597560975609756,7.597692560858362,0.791627433278762,22.23170731707317,7.05235934689403,0.3172207715004446,0.3962775053187836,0.2338455545574498,0.5901055483059373,2023-24
389,Amen Thompson,1641708,9.548387096774194,6.295138429589904,0.6592881463421858,22.387096774193548,9.172937457381828,0.4097421630818972,0.4024724861087806,0.18904926005207104,0.46971971147606506,2023-24
390,Josh Hart,1628404,9.395061728395062,5.925957754544153,0.6307524022576562,33.407407407407405,8.2700933757996,0.2475526841979925,0.2688412423472726,0.14580687105260365,0.5423530622740513,2023-24
391,Isaac Okoro,1630171,9.376811594202898,4.765382057627459,0.5082092148010737,27.405797101449274,6.419911215667262,0.23425376725597097,0.3375767941679475,0.1418517981686924,0.4202060112524199,2023-24
392,Georges Niang,1627777,9.365853658536585,5.867912736191154,0.6265219327704097,22.329268292682926,5.070015652564974,0.2270569544021452,0.40303700816585586,0.22622716459474793,0.5613061828348329,2023-24
393,Brandin Podziemski,1641764,9.216216216216216,5.4226068397876235,0.5883766952262232,26.594594594594593,7.939702418285542,0.2985457210127694,0.43751327087999775,0.9122544831947844,2.0850898564971754,2023-24
394,Andrew Nembhard,1629614,9.205882352941176,4.76792399371395,0.5179214561861799,24.91176470588235,7.4847811643453355,0.3004516642122095,0.371720481592298,0.16501357373603578,0.44391843309033,2023-24
395,Malaki Branham,1631103,9.2,6.033689203580626,0.6558357829978941,21.213333333333335,7.577158658318654,0.35718849740659897,0.40464579044971044,0.20791638418348188,0.5138231734782419,2023-24
396,Chris Paul,101108,9.189655172413794,4.932729561980815,0.5367698210035408,26.43103448275862,5.8642899959572965,0.221871376233218,0.35245303674547995,0.1815638010968172,0.5151432451068125,2023-24
397,Duop Reath,1641871,9.073529411764707,6.128758186579872,0.675454711000699,17.897058823529413,8.056034552613715,0.450131758075376,0.488098255035086,0.26593534642020006,0.5448397810827735,2023-24
398,Sam Hauser,1630573,9.012658227848101,5.836432153219135,0.647581657449876,22.063291139240505,6.705034029535434,0.30389999330654005,0.40659048798676706,0.23370702699232315,0.574797084283805,2023-24
399,Taurean Prince,1627752,8.935897435897436,4.762787963383336,0.5329949227315641,27.025641025641026,7.006442969884439,0.25925168484392136,0.32831969148020196,0.1671708946599087,0.509171088417611,2023-24
400,Jabari Walker,1631133,8.86111111111111,5.2869905589644315,0.5966509721715346,23.583333333333332,8.67853106282686,0.36799425001385977,0.3858169212801731,0.2252905118383724,0.5839311326492355,2023-24
401,Ausar Thompson,1641709,8.825396825396826,5.362773964848255,0.6076524456572663,25.158730158730158,8.305082682399684,0.33010738737613887,0.33757674732472764,0.15904568538092462,0.4711393383618708,2023-24
402,Terance Mann,1629611,8.773333333333333,5.535080588132129,0.6308982433281303,25.013333333333332,5.741017268679767,0.22951828099732544,0.35237037596272475,0.20875569221700754,0.5924325836037097,2023-24
403,Al Horford,201143,8.646153846153846,4.976289937138062,0.5755495478896335,26.8,6.2028219384406,0.2314485797925597,0.3234150569203112,0.16712945873184104,0.5167646191965064,2023-24
404,Derrick Jones Jr.,1627884,8.644736842105264,6.2667459868067015,0.7249203881237584,23.42105263157895,7.767046899810741,0.331626721564953,0.3483260244727315,0.20749422216450913,0.5956896918012301,2023-24
405,Dorian Finney-Smith,1627827,8.529411764705882,4.882104354926965,0.5723846485086787,28.426470588235293,6.481468823006067,0.22800821519110842,0.2924065971494508,0.15237697071240644,0.5211133134404818,2023-24
406,Gradey Dick,1641711,8.5,6.660024940147735,0.7835323458997335,21.166666666666668,9.634272626386903,0.45516248628599537,0.3737165182991165,0.2500804565712221,0.6691715359797444,2023-24
407,Bilal Coulibaly,1641731,8.444444444444445,4.831942699463235,0.5722037407259094,27.253968253968253,5.877700488391187,0.215664024908937,0.30527989096991487,0.15417411364595318,0.5050254478148609,2023-24
408,Andre Drummond,203083,8.39240506329114,4.944351144900269,0.5891459131932447,17.075949367088608,6.5491674003974785,0.3835316713353601,0.48417283619848217,0.20674071364316918,0.4269977540797389,2023-24
409,Miles McBride,1630540,8.264705882352942,7.581630681641035,0.9173503315864596,19.529411764705884,15.17113381199151,0.7768351650718543,0.4406893227174027,0.43453045458519657,0.9860244670911722,2023-24
410,Marcus Sasser,1631204,8.253521126760564,6.760638832576939,0.8191217698173424,19.014084507042252,9.401356980695438,0.49444173750324155,0.4302821525851045,0.3186199521279512,0.7404907459296307,2023-24
411,Isaiah Joe,1630198,8.153846153846153,4.626510067490981,0.5674021780885167,18.512820512820515,5.103458439655215,0.2756715777653094,0.4321887535577778,0.21492639028361668,0.49729750835564934,2023-24
412,Kyle Lowry,200768,8.116666666666667,6.1564123017694765,0.758490221983919,28.183333333333334,5.385138578915523,0.19107528961261466,0.27783953296130076,0.19607715564443276,0.7057208654023458,2023-24
413,Walker Kessler,1631117,8.09375,3.89431311057221,0.48115065458807227,23.25,5.3718844791323335,0.23104879480139068,0.353225158576954,0.15904098207109826,0.45025383444324907,2023-24
414,Moses Moody,1630541,8.075757575757576,4.928131510672193,0.6102376729913034,17.59090909090909,7.016414321437264,0.39886593041762225,0.447938634904365,0.2643125683290438,0.5900642358868523,2023-24
415,Dario Saric,203967,8.046875,5.813038676182505,0.7223970393702531,17.140625,6.784359200536537,0.3958058239146202,0.43131116816716797,0.26387474115083537,0.6117966809720136,2023-24
416,Nickeil Alexander-Walker,1629638,7.987804878048781,5.355264866336481,0.6704301054039563,23.475609756097562,6.14078776013024,0.26158160848346995,0.33396372164059024,0.20095657640820952,0.6017317552368092,2023-24
417,Sam Merrill,1630241,7.950819672131147,6.837217342136095,0.8599386760212409,17.540983606557376,9.012165426969265,0.51377765518236,0.39358305213506345,0.2975424940027723,0.7559840099534226,2023-24
418,Trayce Jackson-Davis,1631218,7.9411764705882355,5.400061782236887,0.6800077799853858,16.691176470588236,8.788148995912819,0.5265146534996226,0.49354716725118963,0.3330674564323952,0.6748442267178111,2023-24
419,Jordan Hawkins,1641722,7.82089552238806,7.438485861595858,0.9511041082574856,17.29850746268657,11.140990279380308,0.6440434415172395,0.4581704359082859,0.3977192417334512,0.8680595921581123,2023-24
420,Isaiah Hartenstein,1628392,7.76,4.516755592356208,0.5820561330355939,25.293333333333333,8.105342471270204,0.32045370866909084,0.3189002026579125,0.19301046292865262,0.6052378183518964,2023-24
421,Royce O'Neale,1626220,7.69620253164557,5.3261676952035035,0.6920513946070341,24.70886075949367,7.497267705268772,0.30342425651446364,0.3128679481084047,0.21818606714141925,0.69737430267488,2023-24
422,Precious Achiuwa,1630173,7.635135135135135,5.590045762364021,0.7321475865751107,21.945945945945947,10.529660510329455,0.4797998015790515,0.32908745843596404,0.21038277928442659,0.6392913916692581,2023-24
423,Toumani Camara,1641739,7.5285714285714285,4.56426392488246,0.6062589653544065,24.87142857142857,6.963510335346404,0.2799803121621185,0.3030555264266742,0.17199220041765848,0.5675270220134818,2023-24
424,Cameron Payne,1626166,7.410256410256411,5.68761675475628,0.7675330568702246,16.71794871794872,6.888532605125815,0.4120441282207159,0.43056577929488465,0.288604648533773,0.6702916544050619,2023-24
425,Christian Braun,1631128,7.317073170731708,4.83525644699019,0.6608183810886593,20.195121951219512,5.594174713546677,0.2770062358157171,0.34926484387532103,0.20147776221820382,0.5768624175931272,2023-24
426,Paul Reed,1630194,7.317073170731708,5.208914601710541,0.7118849955671073,19.426829268292682,7.583332092478333,0.3903535665933605,0.35924780390795275,0.18674290667017607,0.5198164181903356,2023-24
427,Jaden Hardy,1630702,7.260273972602739,5.416095860335279,0.7459905618952366,13.575342465753424,8.384704672827345,0.6176422211063534,0.5480267135653283,0.3805930338005174,0.694478981370218,2023-24
428,Trey Lyles,1626168,7.224137931034483,5.057712899138794,0.7001130027447495,19.96551724137931,5.344173798391743,0.26767019024760025,0.34932559041344985,0.22992544677624005,0.658198119708631,2023-24
429,James Wiseman,1630164,7.079365079365079,5.588876011707967,0.789460064434085,17.285714285714285,7.9665198040310194,0.46087304651419125,0.40022000350949266,0.27456499166334286,0.6860351538046763,2023-24
430,Naji Marshall,1630230,7.0606060606060606,4.495737426902845,0.6367353437244372,19.060606060606062,5.593619408627842,0.2934649292284877,0.37221666213638954,0.21895542924044922,0.5882472535853821,2023-24
431,Vasilije Micic,203995,7.033333333333333,6.175310783825877,0.8780062725818782,19.6,9.524633539816458,0.4859506908069621,0.32299210396006256,0.21752922472490718,0.6734815559200306,2023-24
432,Aaron Wiggins,1630598,6.948717948717949,5.378884729421233,0.774083042241432,15.705128205128204,6.520913357982225,0.4152091770796846,0.4123105448159173,0.24538936296973216,0.5951566508668611,2023-24
433,Trendon Watford,1630570,6.857142857142857,5.470911768255531,0.797841299537265,13.587301587301587,9.4708975638871,0.6970403580898216,0.5296537517905128,0.4396527075170251,0.8300756976246538,2023-24
434,Cason Wallace,1641717,6.841463414634147,4.563595918628371,0.6670496708155551,20.658536585365855,4.622060660090753,0.22373611223579795,0.32230362905276494,0.19479602279149583,0.6043866876832634,2023-24
435,Julian Champagnie,1630577,6.8108108108108105,5.2751048179566515,0.7745193581920481,19.905405405405407,8.68500348012788,0.4363138204544896,0.3220316631754183,0.2413522393049432,0.7494674185919193,2023-24
436,Day'Ron Sharpe,1630549,6.80327868852459,3.5722060043766954,0.5250712440168155,15.114754098360656,5.193259607914018,0.343588759308845,0.4532046413860097,0.19808893420197954,0.4370849636406537,2023-24
437,Cedi Osman,1626224,6.791666666666667,4.586991711105055,0.6753852826166952,17.63888888888889,5.526646222290123,0.31332167559440066,0.37332171520022767,0.20991065296336686,0.5622781756769312,2023-24
438,Jonathan Isaac,1628371,6.775862068965517,4.4644525938907,0.6588759553324697,15.775862068965518,5.238330735350906,0.33204719415339073,0.41087969658089785,0.24027572469376282,0.584783640304444,2023-24
439,Peyton Watson,1631212,6.65,4.639129119494496,0.6976134014277436,18.6125,5.247045582208349,0.2819097693597501,0.3381729260258419,0.20422863862297047,0.6039177678208458,2023-24
440,Amir Coffey,1629599,6.614285714285714,5.2372491317397625,0.7918087240211305,20.84285714285714,8.730482521130195,0.41887167681913207,0.280461246383055,0.19528498407201075,0.6962993518373295,2023-24
441,Aaron Holiday,1628988,6.589743589743589,5.464016641215312,0.8291698404957089,16.26923076923077,7.068630310430336,0.4344784587971365,0.3553518638046259,0.25312877178544924,0.7123327540069428,2023-24
442,David Roddy,1631223,6.538461538461538,5.679119988708977,0.8685712923907847,18.107692307692307,11.062497283789323,0.6109280573035735,0.33581529965758966,0.32253313603798545,0.9604480092683472,2023-24
443,Jeff Green,201145,6.5256410256410255,4.84225009137136,0.7420343951413872,16.743589743589745,6.821349025728161,0.40740063093935414,0.38698324283770014,0.2583445383923947,0.6675858533252919,2023-24
444,Kyle Anderson,203937,6.405063291139241,3.443756845930269,0.5376616419535399,22.518987341772153,5.399099543854799,0.23975765259388931,0.2779184841554908,0.12590531923934212,0.45302967027159,2023-24
445,Isaiah Jackson,1630543,6.383333333333334,4.906210753198669,0.7685969848353006,12.816666666666666,7.231034027533313,0.5641899111209346,0.5092811772114777,0.3478704422837769,0.6830616520887529,2023-24
446,Daniel Theis,1628464,6.266666666666667,4.38745000132472,0.7001250002113916,16.916666666666668,5.7054587797131315,0.33726849929338704,0.3510253996956901,0.2089331989751267,0.5952082076005168,2023-24
447,Patrick Beverley,201976,6.178082191780822,5.231694185319536,0.8468152450738938,20.054794520547944,7.287528179779525,0.36338084502998996,0.29324671299109617,0.21753038664164412,0.7417999145594821,2023-24
448,Haywood Highsmith,1629312,6.136363636363637,5.479714657468282,0.8929905367726089,20.666666666666668,8.804427790489777,0.4260206995398279,0.2652206708118642,0.1923032531341851,0.725068873951369,2023-24
449,Kris Murray,1631200,6.064516129032258,5.288003644941625,0.8719580478361191,21.725806451612904,12.323733406589053,0.5672393995608918,0.25508921980087146,0.24280435086020186,0.9518408933538648,2023-24
450,Ochai Agbaji,1630534,5.833333333333333,4.8628372527965755,0.8336292433365559,21.012820512820515,7.917584555162338,0.3767978006727653,0.2628780792000255,0.19670332055088738,0.748268251006257,2023-24
451,Dyson Daniels,1630700,5.80327868852459,4.162610047118465,0.7172859120740858,22.311475409836067,7.708309333886727,0.34548631107060274,0.24409469811710902,0.1582761276168762,0.6484209974152747,2023-24
452,Larry Nance Jr.,1626204,5.737704918032787,3.9576998342651097,0.6897705425433477,19.934426229508198,5.540363563458678,0.2779294221800817,0.27384978906548724,0.1711738676705097,0.6250648147462182,2023-24
453,Pat Connaughton,1626192,5.631578947368421,3.584567310989925,0.6365119524187718,22.0,5.883309726109389,0.2674231693686086,0.2613982612878627,0.1590802486632178,0.6085742417698485,2023-24
454,Malachi Flynn,1630201,5.507246376811594,6.916780933535732,1.255941801089383,12.695652173913043,7.825870272646785,0.6164212885988907,0.3937764089677547,0.3294941214353398,0.8367543456934751,2023-24
455,Doug McDermott,203926,5.484375,4.8402813361103725,0.8825584202594411,14.125,4.974538345015721,0.35217970584182096,0.33348444508233743,0.26585374433122,0.7971998342099003,2023-24
456,Matisse Thybulle,1629680,5.446153846153846,4.312158570653628,0.7917805285098468,22.892307692307693,7.146072078690933,0.3121604066632464,0.2254648035289728,0.1708482828978083,0.7577603254418992,2023-24
457,Kris Dunn,1627739,5.409090909090909,3.3967281665982982,0.6279665518080887,18.954545454545453,7.058942649481672,0.37241424050023214,0.28465666200990364,0.16868941147603317,0.5926065818553167,2023-24
458,Nicolas Batum,201587,5.333333333333333,4.156541369719793,0.7793515068224612,25.466666666666665,7.425258465322008,0.2915677407848956,0.20748911885747956,0.1614063050296108,0.7779025036029856,2023-24
459,Luke Kornet,1628436,5.301587301587301,4.499587510252112,0.8487245902571349,15.666666666666666,6.895533851470399,0.4401404586044936,0.3111764576675122,0.20999403089690172,0.6748390687102606,2023-24
460,Davion Mitchell,1630558,5.263888888888889,4.584090846491689,0.870856308568342,15.26388888888889,7.171919136476407,0.4698618542550512,0.31560443622649165,0.23763120730127354,0.7529400097872481,2023-24
461,Bryce McGowens,1631121,5.11864406779661,4.831950936618315,0.9439904147698034,14.94915254237288,8.363351351052831,0.5594532082903821,0.32147172942868985,0.26280899918102263,0.8175182298240629,2023-24
462,Drew Eubanks,1629234,5.053333333333334,3.826978673283373,0.7573176794096385,15.533333333333333,5.43346321626663,0.3497937692875513,0.3032418759856374,0.20479497233681407,0.675351884271135,2023-24
463,Goga Bitadze,1629048,5.016129032258065,4.564624975110837,0.9099895448774015,15.451612903225806,9.983063394216503,0.6460855223814438,0.3115609825873341,0.27483355589901787,0.8821180162441518,2023-24
464,Jevon Carter,1628975,4.958333333333333,4.652539818267371,0.9383273583060245,13.916666666666666,5.646262630283934,0.40571947043956413,0.3173520370146627,0.2521322152924283,0.7944874646598817,2023-24
465,Garrison Mathews,1629726,4.924242424242424,4.517693782181027,0.9174393526890702,15.0,6.10170215847752,0.40678014389850137,0.30265217253932974,0.2750476317983167,0.9087912024242092,2023-24
466,Kenrich Williams,1629026,4.7101449275362315,3.80054736489427,0.8068854405467835,14.91304347826087,5.04899270802889,0.3385621932497506,0.3075078066939281,0.22769291368023933,0.740445961773156,2023-24
467,Josh Okogie,1629006,4.616666666666666,4.282766675349035,0.9276750921333651,16.066666666666666,7.950837641974558,0.4948654134009061,0.258287941033349,0.23737598540126092,0.9190362680176849,2023-24
468,Anthony Black,1641710,4.579710144927536,4.606280230490469,1.0058016958982354,16.840579710144926,9.555754638845515,0.5674243288126856,0.27157275339021797,0.2498418407008423,0.9199812484201944,2023-24
469,Kevon Looney,1626172,4.513513513513513,2.9804993754758855,0.6603501610335795,16.135135135135137,7.167897084335497,0.44424152783988835,0.289971429779289,0.18935288285472285,0.6530053081396615,2023-24
470,Blake Wesley,1631104,4.39344262295082,4.021934395804214,0.9154402915823024,14.40983606557377,6.6165878648044565,0.4591716265677723,0.30220329025262727,0.2984286654652415,0.9875096502614834,2023-24
471,Joe Ingles,204060,4.352941176470588,4.032571513490309,0.9264015639099359,17.147058823529413,3.8913018421010332,0.22693698564568632,0.2400310184409511,0.21153083007117934,0.8812645609101436,2023-24
472,Jaxson Hayes,1629637,4.328571428571428,4.234849991598965,0.9783481828776488,12.585714285714285,7.347468966048059,0.5837943559856574,0.3337245810403028,0.3337129384041061,0.9999651130397396,2023-24
473,Caleb Houstan,1631216,4.288135593220339,4.759929177456418,1.1100230097625639,13.813559322033898,9.578126258827503,0.6933858273261628,0.3172770979177164,0.35280864276178703,1.1119889997647592,2023-24
474,Max Christie,1631108,4.2388059701492535,3.7339131810474893,0.8808879687682457,14.074626865671641,8.992106694941219,0.6388877503298639,0.28204627007168703,0.21770132516432994,0.7718638686801187,2023-24
475,Troy Brown Jr.,1628972,4.186440677966102,4.252685059612081,1.0158235567494445,14.016949152542374,9.60870927753195,0.6855064659907921,0.3286471050635463,0.35089200276487,1.0676862730831678,2023-24
476,Jae'Sean Tate,1630256,4.076923076923077,3.433782955373765,0.8422486494313008,15.892307692307693,6.926225245676475,0.4358224985178808,0.24282703445438628,0.1697008426242959,0.698854816580043,2023-24
477,Justin Holiday,203200,4.0344827586206895,4.082334717451713,1.0118607419324759,14.862068965517242,9.164095223114948,0.6166096553836043,0.2292818012554965,0.20008169112665908,0.87264532130791,2023-24
478,Jaylin Williams,1631119,4.0,3.0,0.75,13.014492753623188,5.117710752070547,0.3932316724864897,0.2957267708361395,0.20530721931949006,0.6942463096560494,2023-24
479,Chris Duarte,1630537,3.8983050847457625,4.062846442540421,1.0422084352603689,12.220338983050848,7.8807224345237445,0.6448857470692108,0.3177196064673378,0.3486851128465846,1.0974617422057964,2023-24
480,KJ Martin,1630231,3.7333333333333334,3.7860881232264205,1.0141307472927912,12.433333333333334,8.541755201415219,0.6870044397921088,0.2649070202434431,0.2334442174796741,0.8812307701968205,2023-24
481,Dwight Powell,203939,3.3015873015873014,3.2953286616395716,0.998104354246601,13.26984126984127,8.640128339112438,0.6511101499570378,0.22126161909513087,0.20436263295288432,0.9236244125331973,2023-24
482,Zeke Nnaji,1630192,3.206896551724138,3.177545233101954,0.9908474382791039,9.931034482758621,4.976654512736539,0.5011214613519431,0.2856136707556586,0.25471698894135747,0.891823519047402,2023-24
483,JT Thor,1630550,3.1587301587301586,3.408747519517648,1.0791512247719188,12.380952380952381,8.124889222924374,0.6562410526208148,0.2633335097825053,0.25522527867234907,0.9692092695804151,2023-24
484,Dalen Terry,1631207,3.0508474576271185,3.3703766739943912,1.1047345764759393,11.474576271186441,6.438986673873754,0.5611524575458663,0.28979819290203923,0.42502771259559924,1.4666334125115534,2023-24
