,game_id,Stint_id,start_period,end_period,start_time,end_time,start_seconds,end_seconds,duration_s,start_eventnum,end_eventnum,start_score,end_score,start_margin,end_margin,plusminus,player1_id,player2_id,player3_id,player4_id,player5_id,lineup_long,lineup_id_ingame,player6_id,player7_id,player8_id,player9_id,player10_id,OPP_lineup_long,OPP_lineup_id_ingame,pts_for,pts_against,possessions
0,0022300563,1,1,1,12:00,6:12,2880,2532,348,2,71,0 - 0,15 - 11,0,4,4,1628369,201143,204001,1628401,201950,1628369-201143-204001-1628401-201950,,1629628,1627783,1629007,1630567,1630193,1629628-1627783-1629007-1630567-1630193,,15,11,27
1,0022300563,2,1,1,6:12,4:07,2532,2407,125,71,88,15 - 11,20 - 15,4,5,1,1628369,201143,204001,1628401,201950,1628369-201143-204001-1628401-201950,,1629628,1627783,1629007,203471,1630193,1629628-1627783-1629007-203471-1630193,,5,4,8
2,0022300563,3,1,1,4:07,3:08,2407,2348,59,88,108,20 - 15,24 - 18,5,6,1,1628369,1630573,204001,1628436,201950,1628369-1630573-204001-1628436-201950,,201152,1627783,1629667,203471,1630193,201152-1627783-1629667-203471-1630193,,4,3,4
3,0022300563,4,1,1,3:08,2:00,2348,2280,68,108,125,24 - 18,26 - 21,6,5,-1,1628369,1630573,204001,1628436,201950,1628369-1630573-204001-1628436-201950,,201152,1627783,1629667,203471,1630567,201152-1627783-1629667-203471-1630567,,2,3,6
4,0022300563,5,1,2,2:00,12:00,2280,2160,120,125,153,26 - 21,29 - 25,5,4,-1,1628369,1630573,1628401,1628436,1630202,1628369-1630573-1628401-1628436-1630202,,201152,1629628,1629667,203471,1630567,201152-1629628-1629667-203471-1630567,,3,4,8
5,0022300563,6,2,2,12:00,9:01,2160,1981,179,153,180,29 - 25,34 - 34,4,0,-4,201143,1628401,1628436,1630573,1630202,201143-1628401-1628436-1630573-1630202,,1629628,1630567,203471,1629667,1628449,1629628-1630567-203471-1629667-1628449,,5,9,11
6,0022300563,7,2,2,9:01,8:20,1981,1940,41,180,188,34 - 34,40 - 34,0,6,6,201143,1628401,1629052,1630573,1630202,201143-1628401-1629052-1630573-1630202,,1629628,1630567,203471,1629667,1628449,1629628-1630567-203471-1629667-1628449,,6,0,3
7,0022300563,8,2,2,8:20,6:16,1940,1816,124,188,214,40 - 34,41 - 38,6,3,-3,201143,1628401,1629052,1630573,1630202,201143-1628401-1629052-1630573-1630202,,1630193,1630567,203471,1629007,1628449,1630193-1630567-203471-1629007-1628449,,1,4,7
8,0022300563,9,2,2,6:16,6:16,1816,1816,0,214,222,41 - 38,41 - 38,3,3,0,201950,1628401,1629052,204001,1628369,201950-1628401-1629052-204001-1628369,,1630193,1630567,203471,1629007,1627783,1630193-1630567-203471-1629007-1627783,,0,0,0
9,0022300563,10,2,2,6:16,4:38,1816,1718,98,222,241,41 - 38,47 - 40,3,7,4,201950,1628401,1629052,204001,1628369,201950-1628401-1629052-204001-1628369,,1630193,1629628,203471,1629007,1627783,1630193-1629628-203471-1629007-1627783,,6,2,9
10,0022300563,11,2,2,4:38,3:34,1718,1654,64,241,256,47 - 40,47 - 44,7,3,-4,201950,1630202,1629052,204001,1628369,201950-1630202-1629052-204001-1628369,,1630193,1629628,203471,1629007,1627783,1630193-1629628-203471-1629007-1627783,,0,4,3
11,0022300563,12,2,2,3:34,2:16,1654,1576,78,256,273,47 - 44,53 - 46,3,7,4,201950,1630202,1629052,204001,1628369,201950-1630202-1629052-204001-1628369,,1630193,1629628,1630567,1629007,1627783,1630193-1629628-1630567-1629007-1627783,,6,2,5
12,0022300563,13,2,2,2:16,1:40,1576,1540,36,273,288,53 - 46,56 - 48,7,8,1,201950,1628401,201143,204001,1628369,201950-1628401-201143-204001-1628369,,1630193,1629628,1630567,1629007,1627783,1630193-1629628-1630567-1629007-1627783,,3,2,3
13,0022300563,14,2,3,1:40,12:00,1540,1440,100,288,319,56 - 48,61 - 55,8,6,-2,201950,1628401,201143,204001,1628369,201950-1628401-201143-204001-1628369,,1630193,1629628,1630567,201152,1627783,1630193-1629628-1630567-201152-1627783,,5,7,9
14,0022300563,15,3,3,12:00,11:50,1440,1430,10,319,323,61 - 55,61 - 55,6,6,0,1628369,201143,204001,1628401,201950,1628369-201143-204001-1628401-201950,,1629628,1627783,1629007,1630567,1630193,1629628-1627783-1629007-1630567-1630193,,0,0,1
15,0022300563,16,3,3,11:50,5:58,1430,1078,352,323,391,61 - 55,66 - 73,6,-7,-13,1628369,201143,204001,1628401,201950,1628369-201143-204001-1628401-201950,,1629628,1627783,201152,1630567,1630193,1629628-1627783-201152-1630567-1630193,,5,18,28
16,0022300563,17,3,3,5:58,4:24,1078,984,94,391,422,66 - 73,72 - 73,-7,-1,6,1628369,1628436,204001,1630202,201950,1628369-1628436-204001-1630202-201950,,1629628,1627783,201152,203471,1630193,1629628-1627783-201152-203471-1630193,,6,0,8
17,0022300563,18,3,3,4:24,3:11,984,911,73,422,438,72 - 73,74 - 75,-1,-1,0,1628369,1628436,204001,1630202,201950,1628369-1628436-204001-1630202-201950,,1630567,1627783,201152,203471,1630193,1630567-1627783-201152-203471-1630193,,2,2,3
18,0022300563,19,3,3,3:11,2:44,911,884,27,438,447,74 - 75,76 - 75,-1,1,2,1628369,1628436,204001,1630202,201950,1628369-1628436-204001-1630202-201950,,1630567,1627783,201152,203471,1629667,1630567-1627783-201152-203471-1629667,,2,0,2
19,0022300563,20,3,3,2:44,1:32,884,812,72,447,460,76 - 75,79 - 75,1,4,3,1628369,1628436,201143,1630202,201950,1628369-1628436-201143-1630202-201950,,1630567,1627783,201152,203471,1629667,1630567-1627783-201152-203471-1629667,,3,0,6
20,0022300563,21,3,3,1:32,1:32,812,812,0,460,462,79 - 75,79 - 75,4,4,0,1628369,1628436,201143,1630202,201950,1628369-1628436-201143-1630202-201950,,1630567,1627783,1628449,203471,1629667,1630567-1627783-1628449-203471-1629667,,0,0,0
21,0022300563,22,3,4,1:32,12:00,812,720,92,462,481,79 - 75,84 - 75,4,9,5,1628369,1628436,201143,1630202,1630573,1628369-1628436-201143-1630202-1630573,,1630567,1627783,1628449,203471,1629667,1630567-1627783-1628449-203471-1629667,,5,0,6
22,0022300563,23,4,4,12:00,10:43,720,643,77,481,494,84 - 75,85 - 75,9,10,1,201143,1628401,1628436,1630573,1630202,201143-1628401-1628436-1630573-1630202,,1629628,1630567,203471,1629667,1628449,1629628-1630567-203471-1629667-1628449,,1,0,4
23,0022300563,24,4,4,10:43,8:18,643,498,145,494,524,85 - 75,94 - 80,10,14,4,201143,1628401,1628436,1630573,1630202,201143-1628401-1628436-1630573-1630202,,1629628,1630567,203471,1630193,1628449,1629628-1630567-203471-1630193-1628449,,9,5,11
24,0022300563,25,4,4,8:18,7:12,498,432,66,524,536,94 - 80,94 - 84,14,10,-4,201143,1628401,1628436,1630573,1630202,201143-1628401-1628436-1630573-1630202,,1627783,1630567,203471,1630193,1628449,1627783-1630567-203471-1630193-1628449,,0,4,3
25,0022300563,26,4,4,7:12,5:43,432,343,89,536,559,94 - 84,97 - 88,10,9,-1,204001,1628401,201950,1628369,1630202,204001-1628401-201950-1628369-1630202,,1627783,1630567,203471,1630193,1628449,1627783-1630567-203471-1630193-1628449,,3,4,6
26,0022300563,27,4,4,5:43,5:10,343,310,33,559,572,97 - 88,100 - 88,9,12,3,204001,201143,201950,1628369,1630202,204001-201143-201950-1628369-1630202,,1627783,1630567,203471,1630193,1628449,1627783-1630567-203471-1630193-1628449,,3,0,4
27,0022300563,28,4,4,5:10,0:50,310,50,260,572,623,100 - 88,105 - 96,12,9,-3,204001,201143,201950,1628369,1628401,204001-201143-201950-1628369-1628401,,1627783,1630567,203471,1630193,1629628,1627783-1630567-203471-1630193-1629628,,5,8,19
28,0022300563,29,4,4,0:50,0:00,50,0,50,623,628,105 - 96,105 - 96,9,9,0,1630202,201143,201950,1628369,1628401,1630202-201143-201950-1628369-1628401,,1627783,1630567,203471,1630193,1629628,1627783-1630567-203471-1630193-1629628,,0,0,2
0,0022300571,1,1,1,12:00,6:51,2880,2571,309,2,61,0 - 0,15 - 18,0,3,3,1628369,201143,1628436,1627759,201950,1628369-201143-1628436-1627759-201950,,1630577,1631110,1641705,1630170,1630200,1630577-1631110-1641705-1630170-1630200,,18,15,22
1,0022300571,2,1,1,6:51,6:40,2571,2560,11,61,71,15 - 18,15 - 18,3,3,0,1630202,201143,1630573,1627759,1629052,1630202-201143-1630573-1627759-1629052,,1629640,1631110,1641705,1630170,1630200,1629640-1631110-1641705-1630170-1630200,,0,0,0
2,0022300571,3,1,1,6:40,4:24,2560,2424,136,71,95,15 - 18,18 - 25,3,7,4,1630202,201143,1630573,1627759,1629052,1630202-201143-1630573-1627759-1629052,,1629640,1631110,1631230,1630170,1630200,1629640-1631110-1631230-1630170-1630200,,7,3,10
3,0022300571,4,1,1,4:24,3:38,2424,2378,46,95,109,18 - 25,19 - 25,7,6,-1,1630202,1629674,1630573,1627759,1629052,1630202-1629674-1630573-1627759-1629052,,1629640,1631110,1631230,1630170,1631103,1629640-1631110-1631230-1630170-1631103,,0,1,5
4,0022300571,5,1,1,3:38,2:36,2378,2316,62,109,121,19 - 25,21 - 27,6,6,0,1630202,1629674,1630573,1628369,1629052,1630202-1629674-1630573-1628369-1629052,,1629640,1626224,1631230,1630170,1631103,1629640-1626224-1631230-1630170-1631103,,2,2,3
5,0022300571,6,1,1,2:36,1:46,2316,2266,50,121,129,21 - 27,23 - 27,6,4,-2,1630202,1629674,1630573,1628369,1629052,1630202-1629674-1630573-1628369-1629052,,1629640,1626224,1631230,1631104,1631103,1629640-1626224-1631230-1631104-1631103,,0,2,1
6,0022300571,7,1,2,1:46,12:00,2266,2160,106,129,161,23 - 27,25 - 30,4,5,1,1630202,1629674,1630573,1628369,201950,1630202-1629674-1630573-1628369-201950,,1629640,1626224,1631230,1631104,1631103,1629640-1626224-1631230-1631104-1631103,,3,2,8
7,0022300571,8,2,2,12:00,9:21,2160,2001,159,161,187,25 - 30,29 - 40,5,11,6,1628369,201950,1630202,1630573,1629674,1628369-201950-1630202-1630573-1629674,,1641705,1629640,1631103,1626224,203926,1641705-1629640-1631103-1626224-203926,,10,4,12
8,0022300571,9,2,2,9:21,7:20,2001,1880,121,187,203,29 - 40,33 - 45,11,12,1,1628369,201950,1630202,1630573,1628436,1628369-201950-1630202-1630573-1628436,,1641705,1629640,1630200,1626224,203926,1641705-1629640-1630200-1626224-203926,,5,4,7
9,0022300571,10,2,2,7:20,5:56,1880,1796,84,203,220,33 - 45,35 - 50,12,15,3,1628369,201950,1627759,201143,1628436,1628369-201950-1627759-201143-1628436,,1641705,1631110,1630200,1630170,203926,1641705-1631110-1630200-1630170-203926,,5,2,6
10,0022300571,11,2,2,5:56,4:53,1796,1733,63,220,229,35 - 50,35 - 53,15,18,3,1630202,201950,1627759,201143,1628436,1630202-201950-1627759-201143-1628436,,1641705,1631110,1630200,1630170,203926,1641705-1631110-1630200-1630170-203926,,3,0,3
11,0022300571,12,2,2,4:53,3:13,1733,1633,100,229,245,35 - 53,40 - 58,18,18,0,1630202,201950,1627759,201143,1628436,1630202-201950-1627759-201143-1628436,,1631230,1631110,1630200,1630170,1630577,1631230-1631110-1630200-1630170-1630577,,5,5,6
12,0022300571,13,2,2,3:13,3:01,1633,1621,12,245,253,40 - 58,42 - 58,18,16,-2,1630202,1630573,1627759,201143,1628436,1630202-1630573-1627759-201143-1628436,,1631230,1631110,1631103,1630170,1630577,1631230-1631110-1631103-1630170-1630577,,0,2,1
13,0022300571,14,2,3,3:01,12:00,1621,1440,181,253,292,42 - 58,45 - 70,16,25,9,1630202,1628369,1627759,201143,1628436,1630202-1628369-1627759-201143-1628436,,1631230,1631110,1631103,1630170,1630577,1631230-1631110-1631103-1630170-1630577,,12,3,14
14,0022300571,15,3,3,12:00,6:33,1440,1113,327,292,345,45 - 70,59 - 81,25,22,-3,1628369,201143,1628436,1627759,201950,1628369-201143-1628436-1627759-201950,,1630577,1631110,1641705,1630170,1630200,1630577-1631110-1641705-1630170-1630200,,11,14,22
15,0022300571,16,3,3,6:33,4:31,1113,991,122,345,370,59 - 81,67 - 81,22,14,-8,1628369,201143,1628436,1627759,201950,1628369-201143-1628436-1627759-201950,,1630577,1631110,1631230,1630170,1630200,1630577-1631110-1631230-1630170-1630200,,0,8,7
16,0022300571,17,3,3,4:31,3:55,991,955,36,370,390,67 - 81,69 - 83,14,14,0,1628369,201143,1629674,1630202,1630573,1628369-201143-1629674-1630202-1630573,,1629640,1631110,1631230,1630170,1630200,1629640-1631110-1631230-1630170-1630200,,2,2,4
17,0022300571,18,3,3,3:55,3:01,955,901,54,390,400,69 - 83,69 - 85,14,16,2,1628369,201143,1629674,1630202,1630573,1628369-201143-1629674-1630202-1630573,,1629640,1631110,1631230,1630170,1631103,1629640-1631110-1631230-1630170-1631103,,2,0,2
18,0022300571,19,3,3,3:01,2:23,901,863,38,400,413,69 - 85,69 - 87,16,18,2,1628369,201143,1629674,1630202,1630573,1628369-201143-1629674-1630202-1630573,,1629640,1626224,1631230,1630170,1631103,1629640-1626224-1631230-1630170-1631103,,2,0,2
19,0022300571,20,3,3,2:23,1:15,863,795,68,413,435,69 - 87,74 - 89,18,15,-3,1628369,1629052,1629674,1630202,1630573,1628369-1629052-1629674-1630202-1630573,,1629640,1626224,203926,1641705,1631103,1629640-1626224-203926-1641705-1631103,,2,5,7
20,0022300571,21,3,4,1:15,12:00,795,720,75,435,456,74 - 89,78 - 94,15,16,1,1628369,1629052,1628436,1630202,1630573,1628369-1629052-1628436-1630202-1630573,,1629640,1626224,203926,1641705,1631103,1629640-1626224-203926-1641705-1631103,,5,4,6
21,0022300571,22,4,4,12:00,11:20,720,680,40,456,466,78 - 94,78 - 98,16,20,4,1628436,1627759,201950,1629052,1630573,1628436-1627759-201950-1629052-1630573,,1641705,1629640,1631103,1626224,203926,1641705-1629640-1631103-1626224-203926,,4,0,3
22,0022300571,23,4,4,11:20,9:44,680,584,96,466,490,78 - 98,79 - 102,20,23,3,1628436,1627759,201950,1629052,1630573,1628436-1627759-201950-1629052-1630573,,1641705,1629640,1631103,1630170,203926,1641705-1629640-1631103-1630170-203926,,4,1,8
23,0022300571,24,4,4,9:44,8:12,584,492,92,490,511,79 - 102,82 - 106,23,24,1,1628436,1627759,201950,1629052,1630573,1628436-1627759-201950-1629052-1630573,,1641705,1629640,1630200,1630170,1631110,1641705-1629640-1630200-1630170-1631110,,4,3,7
24,0022300571,25,4,4,8:12,6:30,492,390,102,511,537,82 - 106,89 - 112,24,23,-1,1628436,1627759,201950,1629052,1630202,1628436-1627759-201950-1629052-1630202,,1641705,1629640,1630200,1630170,1631110,1641705-1629640-1630200-1630170-1631110,,6,7,9
25,0022300571,26,4,4,6:30,5:41,390,341,49,537,545,89 - 112,91 - 112,23,21,-2,1628436,1627759,201950,1628369,1630202,1628436-1627759-201950-1628369-1630202,,1641705,1629640,1630200,1630170,1631110,1641705-1629640-1630200-1630170-1631110,,0,2,2
26,0022300571,27,4,4,5:41,4:49,341,289,52,545,559,91 - 112,93 - 114,21,21,0,1628436,1627759,201950,1628369,1630202,1628436-1627759-201950-1628369-1630202,,1631230,1629640,1630200,1628984,1631110,1631230-1629640-1630200-1628984-1631110,,2,2,4
27,0022300571,28,4,4,4:49,3:54,289,234,55,559,577,93 - 114,93 - 114,21,21,0,1629674,1627759,201950,1630205,1630202,1629674-1627759-201950-1630205-1630202,,1631230,1631104,1629603,1630572,1631110,1631230-1631104-1629603-1630572-1631110,,0,0,3
28,0022300571,29,4,4,3:54,3:54,234,234,0,577,585,93 - 114,93 - 114,21,21,0,1629674,1629004,1630625,1630205,1630202,1629674-1629004-1630625-1630205-1630202,,1631230,1631104,1629603,1630572,1631110,1631230-1631104-1629603-1630572-1631110,,0,0,0
29,0022300571,30,4,4,3:54,3:03,234,183,51,585,594,93 - 114,94 - 114,21,20,-1,1629674,1629004,1630625,1630205,1630202,1629674-1629004-1630625-1630205-1630202,,1631230,1631104,1629603,1630572,1628984,1631230-1631104-1629603-1630572-1628984,,0,1,3
30,0022300571,31,4,4,3:03,0:00,183,0,183,594,640,94 - 114,98 - 117,20,19,-1,1641775,1629004,1630625,1630205,1631120,1641775-1629004-1630625-1630205-1631120,,1631230,1631104,1629603,1630572,1628984,1631230-1631104-1629603-1630572-1628984,,3,4,15
0,0022300586,1,1,1,12:00,6:48,2880,2568,312,2,53,0 - 0,13 - 14,0,1,1,1627759,1628369,204001,1628401,201950,1627759-1628369-204001-1628401-201950,,1629008,203932,203999,203484,1627750,1629008-203932-203999-203484-1627750,,14,13,20
1,0022300586,2,1,1,6:48,6:02,2568,2522,46,53,64,13 - 14,15 - 18,1,3,2,1627759,1630573,204001,1628401,201143,1627759-1630573-204001-1628401-201143,,1629008,203932,203999,203484,1627750,1629008-203932-203999-203484-1627750,,4,2,4
2,0022300586,3,1,1,6:02,4:12,2522,2412,110,64,87,15 - 18,20 - 23,3,3,0,1627759,1630573,204001,1628401,201143,1627759-1630573-204001-1628401-201143,,1629008,203932,203999,203484,202704,1629008-203932-203999-203484-202704,,5,5,6
3,0022300586,4,1,1,4:12,3:42,2412,2382,30,87,94,20 - 23,23 - 23,3,0,-3,1627759,1630573,204001,1628401,201143,1627759-1630573-204001-1628401-201143,,1629008,1631212,203999,203484,202704,1629008-1631212-203999-203484-202704,,0,3,2
4,0022300586,5,1,1,3:42,2:37,2382,2317,65,94,105,23 - 23,25 - 25,0,0,0,1627759,1630573,204001,1628401,201143,1627759-1630573-204001-1628401-201143,,1631128,1631212,203999,203484,202704,1631128-1631212-203999-203484-202704,,2,2,4
5,0022300586,6,1,2,2:37,12:00,2317,2160,157,105,139,25 - 25,31 - 32,0,1,1,1630202,1630573,201950,1628369,201143,1630202-1630573-201950-1628369-201143,,1631128,1631212,203999,203200,202704,1631128-1631212-203999-203200-202704,,7,6,10
6,0022300586,7,2,2,12:00,10:37,2160,2077,83,139,155,31 - 32,31 - 37,1,6,5,1628369,201950,1630573,1630202,1628436,1628369-201950-1630573-1630202-1628436,,203932,1627750,202704,1631212,1631128,203932-1627750-202704-1631212-1631128,,5,0,4
7,0022300586,8,2,2,10:37,7:44,2077,1904,173,155,179,31 - 37,40 - 43,6,3,-3,1628369,201950,1630573,1630202,1628436,1628369-201950-1630573-1630202-1628436,,203932,1627750,202704,1631212,1629008,203932-1627750-202704-1631212-1629008,,6,9,11
8,0022300586,9,2,2,7:44,5:30,1904,1770,134,179,217,40 - 43,44 - 48,3,4,1,1628369,1627759,204001,1628401,201143,1628369-1627759-204001-1628401-201143,,203999,1627750,203484,1631212,1629008,203999-1627750-203484-1631212-1629008,,5,4,9
9,0022300586,10,2,2,5:30,0:05,1770,1445,325,217,280,44 - 48,55 - 61,4,6,2,1628369,1627759,204001,1628401,201143,1628369-1627759-204001-1628401-201143,,203999,1627750,203484,203932,1629008,203999-1627750-203484-203932-1629008,,13,11,20
10,0022300586,11,2,3,0:05,12:00,1445,1440,5,280,295,55 - 61,55 - 61,6,6,0,1628369,1627759,204001,1628401,201143,1628369-1627759-204001-1628401-201143,,203999,1631212,203484,203932,202704,203999-1631212-203484-203932-202704,,0,0,1
11,0022300586,12,3,3,12:00,6:57,1440,1137,303,295,345,55 - 61,69 - 68,6,-1,-7,1627759,1628369,204001,1628401,201950,1627759-1628369-204001-1628401-201950,,1629008,203932,203999,203484,1627750,1629008-203932-203999-203484-1627750,,7,14,21
12,0022300586,13,3,3,6:57,4:54,1137,1014,123,345,370,69 - 68,69 - 76,-1,7,8,1627759,1628369,204001,1628401,201143,1627759-1628369-204001-1628401-201143,,1629008,203932,203999,203484,1627750,1629008-203932-203999-203484-1627750,,8,0,7
13,0022300586,14,3,3,4:54,4:25,1014,985,29,370,382,69 - 76,70 - 77,7,7,0,1627759,201950,1630573,1628401,201143,1627759-201950-1630573-1628401-201143,,1629008,203932,203999,203484,202704,1629008-203932-203999-203484-202704,,1,1,0
14,0022300586,15,3,3,4:25,0:05,985,725,260,382,416,70 - 77,79 - 82,7,3,-4,1627759,201950,1630573,1628401,201143,1627759-201950-1630573-1628401-201143,,1629008,203932,203999,1631212,202704,1629008-203932-203999-1631212-202704,,5,9,14
15,0022300586,16,3,4,0:05,12:00,725,720,5,416,431,79 - 82,81 - 82,3,1,-2,1627759,201950,1630573,1630202,201143,1627759-201950-1630573-1630202-201143,,1629008,203932,203484,1631212,202704,1629008-203932-203484-1631212-202704,,0,2,2
16,0022300586,17,4,4,12:00,8:13,720,493,227,431,466,81 - 82,91 - 89,1,-2,-3,1628369,204001,201950,1630202,1628436,1628369-204001-201950-1630202-1628436,,203932,203484,1627750,202704,1631212,203932-203484-1627750-202704-1631212,,7,10,12
17,0022300586,18,4,4,8:13,6:37,493,397,96,466,479,91 - 89,93 - 91,-2,-2,0,1628369,204001,201950,1630202,201143,1628369-204001-201950-1630202-201143,,203932,203484,1627750,202704,1631212,203932-203484-1627750-202704-1631212,,2,2,5
18,0022300586,19,4,4,6:37,2:27,397,147,250,479,520,93 - 91,101 - 98,-2,-3,-1,1628369,204001,1627759,1628401,201143,1628369-204001-1627759-1628401-201143,,203932,203484,1627750,1629008,203999,203932-203484-1627750-1629008-203999,,7,8,14
19,0022300586,20,4,4,2:27,0:00,147,0,147,520,563,101 - 98,102 - 100,-3,-2,1,1628369,204001,1627759,1628401,201950,1628369-204001-1627759-1628401-201950,,203932,203484,1627750,1629008,203999,203932-203484-1627750-1629008-203999,,2,1,10
0,0022300603,1,1,1,12:00,5:51,2880,2511,369,2,95,0 - 0,18 - 8,0,10,10,1630573,1628369,204001,1627759,1628401,1630573-1628369-204001-1627759-1628401,,1641715,1628415,1630578,1641708,1630224,1641715-1628415-1630578-1641708-1630224,,18,8,35
1,0022300603,2,1,1,5:51,4:33,2511,2433,78,95,115,18 - 8,22 - 11,10,11,1,1630573,1630202,204001,1627759,1628436,1630573-1630202-204001-1627759-1628436,,1641715,1628988,1630578,1641708,1630224,1641715-1628988-1630578-1641708-1630224,,4,3,4
2,0022300603,3,1,1,4:33,2:39,2433,2319,114,115,135,22 - 11,27 - 18,11,9,-2,1630573,1630202,204001,1627759,1628436,1630573-1630202-204001-1627759-1628436,,1630256,1628988,1630578,1641708,1630224,1630256-1628988-1630578-1641708-1630224,,5,7,7
3,0022300603,4,1,1,2:39,1:07,2319,2227,92,135,156,27 - 18,33 - 25,9,8,-1,1628401,1630202,204001,1628369,1628436,1628401-1630202-204001-1628369-1628436,,1630256,1628988,1631466,1628415,1629111,1630256-1628988-1631466-1628415-1629111,,6,7,7
4,0022300603,5,1,2,1:07,12:00,2227,2160,67,156,176,33 - 25,35 - 25,8,10,2,1628401,1630202,1629052,1628369,1628436,1628401-1630202-1629052-1628369-1628436,,1630256,1628988,1631466,1628415,1629111,1630256-1628988-1631466-1628415-1629111,,2,0,4
5,0022300603,6,2,2,12:00,9:18,2160,1998,162,176,201,35 - 25,44 - 33,10,11,1,1628369,1628401,1630202,1629052,1629674,1628369-1628401-1630202-1629052-1629674,,1628415,1628988,1630256,1629111,1631466,1628415-1628988-1630256-1629111-1631466,,9,8,11
6,0022300603,7,2,2,9:18,8:59,1998,1979,19,201,213,44 - 33,44 - 33,11,11,0,1628369,1628401,1630202,1629052,1629674,1628369-1628401-1630202-1629052-1629674,,1628415,1628988,1641715,1629111,1631466,1628415-1628988-1641715-1629111-1631466,,0,0,2
7,0022300603,8,2,2,8:59,8:45,1979,1965,14,213,218,44 - 33,44 - 33,11,11,0,1628369,1628401,1630202,1629052,1629674,1628369-1628401-1630202-1629052-1629674,,1628415,1641708,1641715,1629111,1631466,1628415-1641708-1641715-1629111-1631466,,0,0,1
8,0022300603,9,2,2,8:45,8:37,1965,1957,8,218,225,44 - 33,44 - 34,11,10,-1,1628369,1628401,1630202,1627759,1629674,1628369-1628401-1630202-1627759-1629674,,1630224,1641708,1641715,1629111,1631466,1630224-1641708-1641715-1629111-1631466,,0,1,0
9,0022300603,10,2,2,8:37,8:12,1957,1932,25,225,232,44 - 34,44 - 37,10,7,-3,1628369,1628401,1630202,1627759,1628436,1628369-1628401-1630202-1627759-1628436,,1630224,1641708,1641715,1629111,1631466,1630224-1641708-1641715-1629111-1631466,,0,3,3
10,0022300603,11,2,2,8:12,6:20,1932,1820,112,232,253,44 - 37,48 - 40,7,8,1,1628369,1628401,1630573,1627759,1628436,1628369-1628401-1630573-1627759-1628436,,1630224,1641708,1641715,1630578,1631466,1630224-1641708-1641715-1630578-1631466,,4,3,7
11,0022300603,12,2,2,6:20,5:28,1820,1768,52,253,271,48 - 40,51 - 43,8,8,0,204001,1628401,1630573,1627759,1630202,204001-1628401-1630573-1627759-1630202,,1630224,1641708,1641715,1630578,1628415,1630224-1641708-1641715-1630578-1628415,,3,3,4
12,0022300603,13,2,2,5:28,3:16,1768,1636,132,271,296,51 - 43,59 - 45,8,14,6,204001,1628401,1630573,1629052,1630202,204001-1628401-1630573-1629052-1630202,,1630224,1641708,1641715,1630578,1628415,1630224-1641708-1641715-1630578-1628415,,8,2,11
13,0022300603,14,2,3,3:16,12:00,1636,1440,196,296,343,59 - 45,70 - 55,14,15,1,204001,1628401,1630573,1629052,1630202,204001-1628401-1630573-1629052-1630202,,1630224,1631466,1641715,1630578,1628415,1630224-1631466-1641715-1630578-1628415,,11,10,18
14,0022300603,15,3,3,12:00,8:01,1440,1201,239,343,390,70 - 55,75 - 66,15,9,-6,1630573,1628369,204001,1627759,1628401,1630573-1628369-204001-1627759-1628401,,1641715,1628415,1630578,1641708,1630224,1641715-1628415-1630578-1641708-1630224,,5,11,18
15,0022300603,16,3,3,8:01,6:23,1201,1103,98,390,409,75 - 66,83 - 68,9,15,6,1630573,1628369,204001,1627759,1630202,1630573-1628369-204001-1627759-1630202,,1641715,1628415,1630578,1641708,1630224,1641715-1628415-1630578-1641708-1630224,,8,2,7
16,0022300603,17,3,3,6:23,5:24,1103,1044,59,409,424,83 - 68,83 - 75,15,8,-7,1630573,1628369,1628436,1627759,1630202,1630573-1628369-1628436-1627759-1630202,,1628988,1628415,1630578,1641708,1630224,1628988-1628415-1630578-1641708-1630224,,0,7,5
17,0022300603,18,3,3,5:24,3:21,1044,921,123,424,446,83 - 75,83 - 77,8,6,-2,1630573,1628369,1628436,1627759,1630202,1630573-1628369-1628436-1627759-1630202,,1628988,1630256,1630578,1641708,1630224,1628988-1630256-1630578-1641708-1630224,,0,2,9
18,0022300603,19,3,3,3:21,2:41,921,881,40,446,460,83 - 77,85 - 77,6,8,2,1629052,1628401,1628436,1627759,1630202,1629052-1628401-1628436-1627759-1630202,,1628988,1630256,1630578,1641708,1628415,1628988-1630256-1630578-1641708-1628415,,2,0,3
19,0022300603,20,3,3,2:41,0:40,881,760,121,460,487,85 - 77,87 - 80,8,7,-1,1629052,1628401,1628436,1627759,1630202,1629052-1628401-1628436-1627759-1630202,,1628988,1630256,1630578,1631466,1628415,1628988-1630256-1630578-1631466-1628415,,2,3,6
20,0022300603,21,3,4,0:40,12:00,760,720,40,487,503,87 - 80,90 - 80,7,10,3,1629052,1628401,1628436,1627759,1630202,1629052-1628401-1628436-1627759-1630202,,1628988,1630256,1641715,1631466,1628415,1628988-1630256-1641715-1631466-1628415,,3,0,3
21,0022300603,22,4,4,12:00,8:42,720,522,198,503,540,90 - 80,93 - 90,10,3,-7,1630573,1628369,204001,1630202,1629052,1630573-1628369-204001-1630202-1629052,,1641715,1628415,1628988,1629111,1631466,1641715-1628415-1628988-1629111-1631466,,3,10,14
22,0022300603,23,4,4,8:42,7:35,522,455,67,540,559,93 - 90,98 - 90,3,8,5,1630573,1628369,204001,1630202,1628436,1630573-1628369-204001-1630202-1628436,,1641715,1628415,1628988,1629111,1631466,1641715-1628415-1628988-1629111-1631466,,5,0,5
23,0022300603,24,4,4,7:35,7:35,455,455,0,559,561,98 - 90,98 - 90,8,8,0,1630573,1628369,204001,1630202,1628436,1630573-1628369-204001-1630202-1628436,,1630578,1628415,1628988,1629111,1631466,1630578-1628415-1628988-1629111-1631466,,0,0,0
24,0022300603,25,4,4,7:35,7:35,455,455,0,561,573,98 - 90,98 - 90,8,8,0,1628401,1628369,204001,1630202,1628436,1628401-1628369-204001-1630202-1628436,,1630578,1628415,1628988,1629111,1630224,1630578-1628415-1628988-1629111-1630224,,0,0,0
25,0022300603,26,4,4,7:35,6:12,455,372,83,573,580,98 - 90,98 - 90,8,8,0,1628401,1628369,204001,1630202,1628436,1628401-1628369-204001-1630202-1628436,,1630578,1628415,1628988,1641708,1630224,1630578-1628415-1628988-1641708-1630224,,0,0,4
26,0022300603,27,4,4,6:12,4:34,372,274,98,580,609,98 - 90,103 - 94,8,9,1,1628401,1628369,204001,1627759,1628436,1628401-1628369-204001-1627759-1628436,,1630578,1628415,1628988,1641708,1630224,1630578-1628415-1628988-1641708-1630224,,5,4,7
27,0022300603,28,4,4,4:34,3:01,274,181,93,609,696,103 - 94,107 - 99,9,8,-1,1628401,1628369,204001,1627759,1628436,1628401-1628369-204001-1627759-1628436,,1630578,1628415,1628988,1641708,1630256,1630578-1628415-1628988-1641708-1630256,,4,5,7
28,0022300603,29,4,4,3:01,2:01,181,121,60,696,643,107 - 99,110 - 99,8,11,3,1628401,1628369,204001,1627759,1628436,1628401-1628369-204001-1627759-1628436,,1630578,1628415,1628988,1641708,1630224,1630578-1628415-1628988-1641708-1630224,,3,0,4
29,0022300603,30,4,4,2:01,1:12,121,72,49,643,656,110 - 99,111 - 100,11,11,0,1628401,1628369,1629052,1627759,1628436,1628401-1628369-1629052-1627759-1628436,,1630578,1628415,1628988,1641708,1630224,1630578-1628415-1628988-1641708-1630224,,1,1,3
30,0022300603,31,4,4,1:12,0:32,72,32,40,656,669,111 - 100,111 - 103,11,8,-3,1628401,1628369,1629052,1627759,1628436,1628401-1628369-1629052-1627759-1628436,,1630578,1628415,1628988,1641708,1630256,1630578-1628415-1628988-1641708-1630256,,0,3,5
31,0022300603,32,4,4,0:32,0:27,32,27,5,669,672,111 - 103,111 - 103,8,8,0,1628401,1628369,1630202,1627759,1628436,1628401-1628369-1630202-1627759-1628436,,1630578,1628415,1628988,1641708,1630256,1630578-1628415-1628988-1641708-1630256,,0,0,1
32,0022300603,33,4,4,0:27,0:27,27,27,0,672,675,111 - 103,111 - 103,8,8,0,1628401,1628369,1630202,1627759,1628436,1628401-1628369-1630202-1627759-1628436,,1630578,1628415,1628988,1641708,1630224,1630578-1628415-1628988-1641708-1630224,,0,0,0
33,0022300603,34,4,4,0:27,0:00,27,0,27,675,693,111 - 103,116 - 107,8,9,1,1628401,1628369,1630202,1627759,1629052,1628401-1628369-1630202-1627759-1629052,,1630578,1628415,1628988,1641708,1630224,1630578-1628415-1628988-1641708-1630224,,5,4,7
0,0022300611,1,1,1,12:00,6:53,2880,2573,307,2,74,0 - 0,8 - 9,0,-1,-1,1627759,1628369,201143,201950,1628401,1627759-1628369-201143-201950-1628401,,1630182,1627884,1641726,202681,1629029,1630182-1627884-1641726-202681-1629029,,8,9,24
1,0022300611,2,1,1,6:53,3:50,2573,2390,183,74,113,8 - 9,12 - 19,-1,-7,-6,1627759,1630573,201143,1628436,1628401,1627759-1630573-201143-1628436-1628401,,1630182,1627884,203501,1628467,1629029,1630182-1627884-203501-1628467-1629029,,4,10,13
2,0022300611,3,1,1,3:50,1:42,2390,2262,128,113,135,12 - 19,19 - 24,-7,-5,2,1630202,1630573,201950,1628436,1628369,1630202-1630573-201950-1628436-1628369,,1630182,202681,203501,1628467,1629684,1630182-202681-203501-1628467-1629684,,7,5,9
3,0022300611,4,1,2,1:42,12:00,2262,2160,102,135,167,19 - 24,24 - 26,-5,-2,3,1630202,1630573,201950,1628436,1628369,1630202-1630573-201950-1628436-1628369,,1641726,202681,203501,1630702,1629684,1641726-202681-203501-1630702-1629684,,5,2,7
4,0022300611,5,2,2,12:00,8:47,2160,1967,193,167,201,24 - 26,35 - 32,-2,3,5,1628369,201950,1628436,1630573,1630202,1628369-201950-1628436-1630573-1630202,,1630182,1641726,1629029,203501,1629684,1630182-1641726-1629029-203501-1629684,,11,6,12
5,0022300611,6,2,2,8:47,8:26,1967,1946,21,201,211,35 - 32,37 - 32,3,5,2,1628369,201950,201143,1630573,1630202,1628369-201950-201143-1630573-1630202,,1630182,1627884,1629029,203501,1628467,1630182-1627884-1629029-203501-1628467,,2,0,2
6,0022300611,7,2,2,8:26,6:45,1946,1845,101,211,228,37 - 32,45 - 35,5,10,5,1628369,201950,201143,1627759,1630202,1628369-201950-201143-1627759-1630202,,1630182,1627884,1629029,203501,1628467,1630182-1627884-1629029-203501-1628467,,8,3,6
7,0022300611,8,2,2,6:45,5:17,1845,1757,88,228,246,45 - 35,49 - 39,10,10,0,1628369,1628401,201143,1627759,1630202,1628369-1628401-201143-1627759-1630202,,1630182,1627884,1629029,202681,1628467,1630182-1627884-1629029-202681-1628467,,4,4,7
8,0022300611,9,2,2,5:17,5:03,1757,1743,14,246,254,49 - 39,51 - 39,10,12,2,1628369,1628401,201143,1627759,1630202,1628369-1628401-201143-1627759-1630202,,1641726,1627884,1629029,202681,1628467,1641726-1627884-1629029-202681-1628467,,2,0,2
9,0022300611,10,2,2,5:03,4:33,1743,1713,30,254,265,51 - 39,55 - 41,12,14,2,1628369,1628401,201143,1627759,1628436,1628369-1628401-201143-1627759-1628436,,1641726,1627884,203501,202681,1628467,1641726-1627884-203501-202681-1628467,,4,2,2
10,0022300611,11,2,2,4:33,3:13,1713,1633,80,265,283,55 - 41,55 - 46,14,9,-5,1630573,1628401,201143,1627759,1628436,1630573-1628401-201143-1627759-1628436,,1641726,1627884,203501,202681,1628467,1641726-1627884-203501-202681-1628467,,0,5,6
11,0022300611,12,2,2,3:13,0:25,1633,1465,168,283,319,55 - 46,65 - 58,9,7,-2,201950,1628401,201143,1627759,1628369,201950-1628401-201143-1627759-1628369,,1641726,1629029,203501,202681,1629684,1641726-1629029-203501-202681-1629684,,10,12,12
12,0022300611,13,2,2,0:25,0:03,1465,1443,22,319,326,65 - 58,65 - 59,7,6,-1,201950,1628401,201143,1627759,1628369,201950-1628401-201143-1627759-1628369,,1641726,1629029,203501,1627884,1629684,1641726-1629029-203501-1627884-1629684,,0,1,2
13,0022300611,14,2,3,0:03,12:00,1443,1440,3,326,342,65 - 59,65 - 59,6,6,0,201950,1628401,201143,1630202,1628369,201950-1628401-201143-1630202-1628369,,1641726,1629029,203501,202681,1629684,1641726-1629029-203501-202681-1629684,,0,0,2
14,0022300611,15,3,3,12:00,8:44,1440,1244,196,342,377,65 - 59,75 - 64,6,11,5,1627759,1628369,201143,201950,1628401,1627759-1628369-201143-201950-1628401,,1630182,1627884,1641726,202681,1629029,1630182-1627884-1641726-202681-1629029,,10,5,13
15,0022300611,16,3,3,8:44,7:30,1244,1170,74,377,397,75 - 64,79 - 64,11,15,4,1627759,1628369,201143,201950,1628401,1627759-1628369-201143-201950-1628401,,1628467,1627884,203501,202681,1629029,1628467-1627884-203501-202681-1629029,,4,0,7
16,0022300611,17,3,3,7:30,6:39,1170,1119,51,397,409,79 - 64,79 - 68,15,11,-4,1627759,1628369,201143,201950,1628401,1627759-1628369-201143-201950-1628401,,1628467,1629684,203501,202681,1629029,1628467-1629684-203501-202681-1629029,,0,4,3
17,0022300611,18,3,3,6:39,5:28,1119,1048,71,409,421,79 - 68,84 - 71,11,13,2,1627759,1628369,201143,201950,1630202,1627759-1628369-201143-201950-1630202,,1628467,1629684,203501,202681,1629029,1628467-1629684-203501-202681-1629029,,5,3,4
18,0022300611,19,3,3,5:28,2:42,1048,882,166,421,444,84 - 71,90 - 74,13,16,3,1627759,1628369,201143,201950,1630202,1627759-1628369-201143-201950-1630202,,1628467,1629684,203501,1630182,1629029,1628467-1629684-203501-1630182-1629029,,6,3,11
19,0022300611,20,3,3,2:42,2:13,882,853,29,444,463,90 - 74,90 - 77,16,13,-3,1627759,1628436,1630573,201950,1630202,1627759-1628436-1630573-201950-1630202,,1627884,1629684,1641726,1630182,202681,1627884-1629684-1641726-1630182-202681,,0,3,3
20,0022300611,21,3,4,2:13,12:00,853,720,133,463,498,90 - 77,94 - 83,13,11,-2,1627759,1628436,1630573,1628401,1630202,1627759-1628436-1630573-1628401-1630202,,1627884,1629684,1641726,1630182,202681,1627884-1629684-1641726-1630182-202681,,4,6,13
21,0022300611,22,4,4,12:00,11:05,720,665,55,498,509,94 - 83,96 - 83,11,13,2,1628369,1628401,1628436,1630573,1630202,1628369-1628401-1628436-1630573-1630202,,1630182,1627884,1641726,202681,1629029,1630182-1627884-1641726-202681-1629029,,2,0,3
22,0022300611,23,4,4,11:05,8:44,665,524,141,509,534,96 - 83,98 - 86,13,12,-1,1628369,1628401,1628436,201950,1630202,1628369-1628401-1628436-201950-1630202,,1630182,1627884,1641726,202681,1629029,1630182-1627884-1641726-202681-1629029,,2,3,11
23,0022300611,24,4,4,8:44,8:00,524,480,44,534,546,98 - 86,100 - 86,12,14,2,1628369,1628401,1628436,201950,1630202,1628369-1628401-1628436-201950-1630202,,1630182,1627884,203501,1628467,1629029,1630182-1627884-203501-1628467-1629029,,2,0,3
24,0022300611,25,4,4,8:00,4:59,480,299,181,546,596,100 - 86,103 - 96,14,7,-7,1628369,1628401,1627759,201950,1630202,1628369-1628401-1627759-201950-1630202,,1630182,202681,203501,1628467,1629029,1630182-202681-203501-1628467-1629029,,3,10,14
25,0022300611,26,4,4,4:59,0:00,299,0,299,596,656,103 - 96,119 - 110,7,9,2,1628369,1628401,1627759,201950,201143,1628369-1628401-1627759-201950-201143,,1630182,202681,203501,1628467,1629029,1630182-202681-203501-1628467-1629029,,16,14,21
0,0022300630,1,1,1,12:00,6:35,2880,2555,325,2,63,0 - 0,17 - 12,0,5,5,1627759,1628369,204001,201950,1628401,1627759-1628369-204001-201950-1628401,,202710,1629312,1628389,1629639,1626179,202710-1629312-1628389-1629639-1626179,,17,12,24
1,0022300630,2,1,1,6:35,3:44,2555,2384,171,63,92,17 - 12,27 - 18,5,9,4,1627759,201143,204001,1630573,1628401,1627759-201143-204001-1630573-1628401,,202710,1628997,1628389,1629639,1626179,202710-1628997-1628389-1629639-1626179,,10,6,11
2,0022300630,3,1,1,3:44,3:09,2384,2349,35,92,102,27 - 18,28 - 18,9,10,1,1627759,201143,204001,1630573,1628401,1627759-201143-204001-1630573-1628401,,202710,1628997,1628418,1629639,1629130,202710-1628997-1628418-1629639-1629130,,1,0,1
3,0022300630,4,1,1,3:09,0:46,2349,2206,143,102,126,28 - 18,40 - 26,10,14,4,1628369,201143,204001,1630573,1630202,1628369-201143-204001-1630573-1630202,,202710,1628997,1628418,1629639,1629130,202710-1628997-1628418-1629639-1629130,,12,8,9
4,0022300630,5,1,2,0:46,12:00,2206,2160,46,126,146,40 - 26,42 - 29,14,13,-1,1628369,201143,201950,1630573,1630202,1628369-201143-201950-1630573-1630202,,1626179,1628997,1628389,1626196,1629130,1626179-1628997-1628389-1626196-1629130,,2,3,4
5,0022300630,6,2,2,12:00,6:29,2160,1829,331,146,191,42 - 29,55 - 43,13,12,-1,1628369,201950,201143,1630202,1628436,1628369-201950-201143-1630202-1628436,,1628389,1626179,1628997,1629130,1626196,1628389-1626179-1628997-1629130-1626196,,13,14,20
6,0022300630,7,2,2,6:29,6:29,1829,1829,0,191,210,55 - 43,55 - 43,12,12,0,1628401,201950,201143,1630202,1628436,1628401-201950-201143-1630202-1628436,,1629639,1628418,1629312,202710,1626196,1629639-1628418-1629312-202710-1626196,,0,0,0
7,0022300630,8,2,2,6:29,4:16,1829,1696,133,210,223,55 - 43,60 - 51,12,9,-3,1628401,201950,1627759,1630202,1628436,1628401-201950-1627759-1630202-1628436,,1629639,1628418,1629312,202710,1626196,1629639-1628418-1629312-202710-1626196,,5,8,8
8,0022300630,9,2,2,4:16,1:40,1696,1540,156,223,265,60 - 51,68 - 58,9,10,1,1628401,201950,1627759,204001,1628369,1628401-201950-1627759-204001-1628369,,1629639,1628418,1629312,202710,1626196,1629639-1628418-1629312-202710-1626196,,8,7,13
9,0022300630,10,2,2,1:40,0:40,1540,1480,60,265,283,68 - 58,73 - 63,10,10,0,1628401,201143,1627759,204001,1628369,1628401-201143-1627759-204001-1628369,,1629639,1626179,1629312,202710,1628389,1629639-1626179-1629312-202710-1628389,,5,5,4
10,0022300630,11,2,3,0:40,12:00,1480,1440,40,283,304,73 - 63,77 - 64,10,13,3,1628401,201143,1627759,204001,1628369,1628401-201143-1627759-204001-1628369,,1629639,1626179,1628997,202710,1628389,1629639-1626179-1628997-202710-1628389,,4,1,4
11,0022300630,12,3,3,12:00,6:53,1440,1133,307,304,352,77 - 64,98 - 76,13,22,9,1627759,1628369,204001,201950,1628401,1627759-1628369-204001-201950-1628401,,202710,1629312,1628389,1629639,1626179,202710-1629312-1628389-1629639-1626179,,21,12,23
12,0022300630,13,3,3,6:53,5:23,1133,1043,90,352,367,98 - 76,100 - 79,22,21,-1,1627759,1628369,201143,201950,1628401,1627759-1628369-201143-201950-1628401,,202710,1629312,1628389,1629639,1626179,202710-1629312-1628389-1629639-1626179,,2,3,6
13,0022300630,14,3,3,5:23,3:32,1043,932,111,367,385,100 - 79,103 - 87,21,16,-5,1627759,1628369,201143,201950,1628401,1627759-1628369-201143-201950-1628401,,202710,1629312,1628418,1629639,1629130,202710-1629312-1628418-1629639-1629130,,3,8,8
14,0022300630,15,3,3,3:32,3:32,932,932,0,385,399,103 - 87,103 - 87,16,16,0,1627759,1628436,1630202,201950,1630573,1627759-1628436-1630202-201950-1630573,,202710,1629312,1628418,1629639,1629130,202710-1629312-1628418-1629639-1629130,,0,0,0
15,0022300630,16,3,3,3:32,0:33,932,753,179,399,420,103 - 87,112 - 90,16,22,6,1627759,1628436,1630202,201950,1630573,1627759-1628436-1630202-201950-1630573,,202710,1628997,1628418,1629639,1629130,202710-1628997-1628418-1629639-1629130,,9,3,10
16,0022300630,17,3,4,0:33,12:00,753,720,33,420,437,112 - 90,113 - 90,22,23,1,1627759,1628436,1630202,201950,1630573,1627759-1628436-1630202-201950-1630573,,1626179,1628997,1628389,1626196,1629130,1626179-1628997-1628389-1626196-1629130,,1,0,2
17,0022300630,18,4,4,12:00,6:37,720,397,323,437,486,113 - 90,126 - 94,23,32,9,1628369,1628401,201143,1630202,1628436,1628369-1628401-201143-1630202-1628436,,1628389,1626179,1628997,1629130,1626196,1628389-1626179-1628997-1629130-1626196,,13,4,20
18,0022300630,19,4,4,6:37,4:26,397,266,131,486,521,126 - 94,131 - 101,32,30,-2,1630625,1630573,1629052,1630202,1628436,1630625-1630573-1629052-1630202-1628436,,1631115,1631306,1629312,1631107,1626196,1631115-1631306-1629312-1631107-1626196,,5,7,8
19,0022300630,20,4,4,4:26,3:14,266,194,72,521,534,131 - 101,135 - 104,30,31,1,1630625,1630205,1629052,1630202,1629674,1630625-1630205-1629052-1630202-1629674,,1631115,1631306,1629312,1631107,1626196,1631115-1631306-1629312-1631107-1626196,,4,3,5
20,0022300630,21,4,4,3:14,0:00,194,0,194,534,571,135 - 104,143 - 110,31,33,2,1630625,1630205,1641775,1629004,1629674,1630625-1630205-1641775-1629004-1629674,,1631115,1631306,1629312,1631107,1626196,1631115-1631306-1629312-1631107-1626196,,8,6,12
0,0022300646,1,1,1,12:00,5:27,2880,2487,393,2,84,0 - 0,14 - 9,0,-5,-5,1627759,1628369,201143,1628401,201950,1627759-1628369-201143-1628401-201950,,202695,202331,203486,1629611,201935,202695-202331-203486-1629611-201935,,9,14,30
1,0022300646,2,1,1,5:27,4:58,2487,2458,29,84,96,14 - 9,15 - 9,-5,-6,-1,1627759,1628436,201143,1628401,1630573,1627759-1628436-201143-1628401-1630573,,202695,202331,203486,201566,201935,202695-202331-203486-201566-201935,,0,1,3
2,0022300646,3,1,1,4:58,4:58,2458,2458,0,96,100,15 - 9,15 - 9,-6,-6,0,1627759,1628436,201143,1628401,1630573,1627759-1628436-201143-1628401-1630573,,202695,202331,203486,201566,1626181,202695-202331-203486-201566-1626181,,0,0,0
3,0022300646,4,1,1,4:58,4:26,2458,2426,32,100,108,15 - 9,17 - 9,-6,-8,-2,1627759,1628436,201143,1628401,1630573,1627759-1628436-201143-1628401-1630573,,202695,1629599,203486,201566,1626181,202695-1629599-203486-201566-1626181,,0,2,3
4,0022300646,5,1,1,4:26,3:34,2426,2374,52,108,121,17 - 9,19 - 11,-8,-8,0,1627759,1628436,1630202,1628401,1630573,1627759-1628436-1630202-1628401-1630573,,202695,1629599,203486,201566,1626181,202695-1629599-203486-201566-1626181,,2,2,3
5,0022300646,6,1,1,3:34,2:48,2374,2328,46,121,133,19 - 11,19 - 13,-8,-6,2,1627759,1628436,1630202,1628401,1630573,1627759-1628436-1630202-1628401-1630573,,202695,1629599,1628464,201566,1626181,202695-1629599-1628464-201566-1626181,,2,0,4
6,0022300646,7,1,2,2:48,12:00,2328,2160,168,133,165,19 - 13,26 - 21,-6,-5,1,1628369,1628436,1630202,201950,1630573,1628369-1628436-1630202-201950-1630573,,202695,1629599,1628464,201566,1626181,202695-1629599-1628464-201566-1626181,,8,7,12
7,0022300646,8,2,2,12:00,8:55,2160,1975,185,165,193,26 - 21,32 - 26,-5,-6,-1,1628369,201950,1628436,1630573,1630202,1628369-201950-1628436-1630573-1630202,,201935,201566,1626181,1629599,1628464,201935-201566-1626181-1629599-1628464,,5,6,11
8,0022300646,9,2,2,8:55,8:20,1975,1940,35,193,206,32 - 26,36 - 26,-6,-10,-4,1628369,201950,1628436,1630573,1630202,1628369-201950-1628436-1630573-1630202,,201935,1629611,1626181,1629599,1628464,201935-1629611-1626181-1629599-1628464,,0,4,4
9,0022300646,10,2,2,8:20,7:29,1940,1889,51,206,220,36 - 26,39 - 28,-10,-11,-1,1627759,201950,1628436,1629052,1630202,1627759-201950-1628436-1629052-1630202,,201935,1629611,1626181,1629599,1628464,201935-1629611-1626181-1629599-1628464,,2,3,2
10,0022300646,11,2,2,7:29,6:13,1889,1813,76,220,240,39 - 28,43 - 30,-11,-13,-2,1627759,1628401,1628436,1629052,1630202,1627759-1628401-1628436-1629052-1630202,,201935,1629611,1626181,1629599,1628464,201935-1629611-1626181-1629599-1628464,,2,4,7
11,0022300646,12,2,2,6:13,4:07,1813,1687,126,240,270,43 - 30,45 - 32,-13,-13,0,1627759,1628401,201143,1629052,1628369,1627759-1628401-201143-1629052-1628369,,201935,1629611,202695,202331,1628464,201935-1629611-202695-202331-1628464,,2,2,8
12,0022300646,13,2,2,4:07,4:07,1687,1687,0,270,277,45 - 32,45 - 32,-13,-13,0,1627759,1628401,201143,201950,1628369,1627759-1628401-201143-201950-1628369,,201935,1629611,202695,202331,1628464,201935-1629611-202695-202331-1628464,,0,0,0
13,0022300646,14,2,2,4:07,0:31,1687,1471,216,277,315,45 - 32,55 - 37,-13,-18,-5,1627759,1628401,201143,201950,1628369,1627759-1628401-201143-201950-1628369,,201935,1629611,202695,202331,203486,201935-1629611-202695-202331-203486,,5,10,17
14,0022300646,15,2,3,0:31,12:00,1471,1440,31,315,329,55 - 37,55 - 39,-18,-16,2,1627759,1628401,201143,201950,1628369,1627759-1628401-201143-201950-1628369,,201566,1629611,202695,202331,1626181,201566-1629611-202695-202331-1626181,,2,0,3
15,0022300646,16,3,3,12:00,6:34,1440,1114,326,329,385,55 - 39,72 - 46,-16,-26,-10,1627759,1628369,201143,1628401,201950,1627759-1628369-201143-1628401-201950,,202695,202331,203486,1629611,201935,202695-202331-203486-1629611-201935,,7,17,21
16,0022300646,17,3,3,6:34,4:35,1114,995,119,385,408,72 - 46,76 - 46,-26,-30,-4,1630202,1628369,1630573,1628436,201950,1630202-1628369-1630573-1628436-201950,,202695,202331,203486,1629611,201935,202695-202331-203486-1629611-201935,,0,4,6
17,0022300646,18,3,3,4:35,3:43,995,943,52,408,429,76 - 46,79 - 46,-30,-33,-3,1630202,1628369,1630573,1628436,201950,1630202-1628369-1630573-1628436-201950,,202695,201566,203486,1626181,201935,202695-201566-203486-1626181-201935,,0,3,3
18,0022300646,19,3,3,3:43,2:53,943,893,50,429,442,79 - 46,81 - 50,-33,-31,2,1630202,1628369,1630573,1628436,201950,1630202-1628369-1630573-1628436-201950,,202695,201566,203486,1626181,1629599,202695-201566-203486-1626181-1629599,,4,2,4
19,0022300646,20,3,3,2:53,2:22,893,862,31,442,450,81 - 50,83 - 52,-31,-31,0,1630202,1628369,1630573,1628436,201950,1630202-1628369-1630573-1628436-201950,,202695,201566,1628464,1626181,1629599,202695-201566-1628464-1626181-1629599,,2,2,1
20,0022300646,21,3,3,2:22,1:12,862,792,70,450,468,83 - 52,88 - 53,-31,-35,-4,1630202,1628369,1630573,1628436,1628401,1630202-1628369-1630573-1628436-1628401,,202695,201566,1628464,1626181,1629599,202695-201566-1628464-1626181-1629599,,1,5,5
21,0022300646,22,3,3,1:12,0:14,792,734,58,468,484,88 - 53,91 - 56,-35,-35,0,1630202,1627759,1630573,1628436,1628401,1630202-1627759-1630573-1628436-1628401,,202331,201566,1628464,1626181,1629599,202331-201566-1628464-1626181-1629599,,3,3,5
22,0022300646,23,3,3,0:14,0:11,734,731,3,484,488,91 - 56,91 - 57,-35,-34,1,1630202,1627759,1630573,1629674,1628401,1630202-1627759-1630573-1629674-1628401,,202331,201566,1628464,1626181,1629599,202331-201566-1628464-1626181-1629599,,1,0,2
23,0022300646,24,3,4,0:11,12:00,731,720,11,488,500,91 - 57,91 - 60,-34,-31,3,1630202,1627759,1630573,1629674,1628401,1630202-1627759-1630573-1629674-1628401,,202331,201566,1629611,1626181,1629599,202331-201566-1629611-1626181-1629599,,3,0,1
24,0022300646,25,4,4,12:00,11:23,720,683,37,500,511,91 - 60,94 - 60,-31,-34,-3,1630573,1630202,1629052,1629674,1630625,1630573-1630202-1629052-1629674-1630625,,202331,201566,1626181,1629599,1628464,202331-201566-1626181-1629599-1628464,,0,3,3
25,0022300646,26,4,4,11:23,10:27,683,627,56,511,529,94 - 60,99 - 64,-34,-35,-1,1630573,1630202,1629052,1629674,1630625,1630573-1630202-1629052-1629674-1630625,,1629611,201566,1626181,1629599,1628464,1629611-201566-1626181-1629599-1628464,,4,5,5
26,0022300646,27,4,4,10:27,7:46,627,466,161,529,568,99 - 64,103 - 70,-35,-33,2,1630573,1630202,1629052,1629674,1630625,1630573-1630202-1629052-1629674-1630625,,1641738,1630527,1630538,1629599,1628464,1641738-1630527-1630538-1629599-1628464,,6,4,9
27,0022300646,28,4,4,7:46,0:00,466,0,466,568,660,103 - 70,115 - 96,-33,-19,14,1630205,1629004,1629052,1629674,1630625,1630205-1629004-1629052-1629674-1630625,,1641738,1630527,1630538,1629599,1628464,1641738-1630527-1630538-1629599-1628464,,26,12,33
0,0022300659,1,1,1,12:00,6:04,2880,2524,356,2,70,0 - 0,21 - 11,0,-10,-10,1627759,1628369,201143,1628401,201950,1627759-1628369-201143-1628401-201950,,1627742,1629627,202685,1630529,203468,1627742-1629627-202685-1630529-203468,,11,21,29
1,0022300659,2,1,1,6:04,4:12,2524,2412,112,70,100,21 - 11,25 - 16,-10,-9,1,1627759,1630202,201143,1628401,1630573,1627759-1630202-201143-1628401-1630573,,1627742,1630530,202685,1630529,203468,1627742-1630530-202685-1630529-203468,,5,4,9
2,0022300659,3,1,1,4:12,3:19,2412,2359,53,100,115,25 - 16,30 - 16,-9,-14,-5,1627759,1630202,1629674,1628401,1630573,1627759-1630202-1629674-1628401-1630573,,1627742,1630530,1626204,1630230,203468,1627742-1630530-1626204-1630230-203468,,0,5,4
3,0022300659,4,1,1,3:19,1:22,2359,2242,117,115,134,30 - 16,34 - 23,-14,-11,3,1627759,1630202,1629674,1628401,1630573,1627759-1630202-1629674-1628401-1630573,,1627742,1630530,1626204,1630230,1641722,1627742-1630530-1626204-1630230-1641722,,7,4,9
4,0022300659,5,1,2,1:22,12:00,2242,2160,82,134,155,34 - 23,36 - 25,-11,-11,0,1628369,1630202,1629674,201950,1630573,1628369-1630202-1629674-201950-1630573,,1627742,1630530,1626204,1630230,1641722,1627742-1630530-1626204-1630230-1641722,,2,2,6
5,0022300659,6,2,2,12:00,9:59,2160,2039,121,155,176,36 - 25,38 - 27,-11,-11,0,1628369,201950,1630202,1630573,1629674,1628369-201950-1630202-1630573-1629674,,1629627,202685,203468,1630230,1641722,1629627-202685-203468-1630230-1641722,,2,2,7
6,0022300659,7,2,2,9:59,9:05,2039,1985,54,176,192,38 - 27,42 - 27,-11,-15,-4,1628369,201950,1630202,1630573,201143,1628369-201950-1630202-1630573-201143,,1629627,202685,203468,1630230,1641722,1629627-202685-203468-1630230-1641722,,0,4,5
7,0022300659,8,2,2,9:05,6:05,1985,1805,180,192,221,42 - 27,46 - 37,-15,-9,6,1628369,201950,1629052,1630573,201143,1628369-201950-1629052-1630573-201143,,1629627,202685,203468,1630230,1641722,1629627-202685-203468-1630230-1641722,,10,4,12
8,0022300659,9,2,2,6:05,3:44,1805,1664,141,221,261,46 - 37,49 - 41,-9,-8,1,1628369,1627759,1629052,1628401,201143,1628369-1627759-1629052-1628401-201143,,1630529,1630530,1630700,1626204,1627742,1630529-1630530-1630700-1626204-1627742,,4,3,10
9,0022300659,10,2,2,3:44,1:30,1664,1530,134,261,283,49 - 41,58 - 47,-8,-11,-3,1628369,1627759,201950,1628401,201143,1628369-1627759-201950-1628401-201143,,1630529,1630530,203468,1626204,1627742,1630529-1630530-203468-1626204-1627742,,6,9,10
10,0022300659,11,2,3,1:30,12:00,1530,1440,90,283,300,58 - 47,60 - 50,-11,-10,1,1628369,1627759,201950,1628401,201143,1628369-1627759-201950-1628401-201143,,1630529,1629627,203468,1626204,1627742,1630529-1629627-203468-1626204-1627742,,3,2,6
11,0022300659,12,3,3,12:00,9:37,1440,1297,143,300,328,60 - 50,62 - 60,-10,-2,8,1627759,1628369,201143,1628401,201950,1627759-1628369-201143-1628401-201950,,1627742,1629627,202685,1630529,203468,1627742-1629627-202685-1630529-203468,,10,2,9
12,0022300659,13,3,3,9:37,5:48,1297,1068,229,328,376,62 - 60,73 - 69,-2,-4,-2,1627759,1628369,201143,1628401,201950,1627759-1628369-201143-1628401-201950,,1627742,1629627,1626204,1630529,203468,1627742-1629627-1626204-1630529-203468,,9,11,17
13,0022300659,14,3,3,5:48,5:23,1068,1043,25,376,389,73 - 69,73 - 70,-4,-3,1,1627759,1630573,201143,1629674,201950,1627759-1630573-201143-1629674-201950,,1627742,1629627,1626204,1630529,203468,1627742-1629627-1626204-1630529-203468,,1,0,3
14,0022300659,15,3,3,5:23,5:23,1043,1043,0,389,391,73 - 70,73 - 70,-3,-3,0,1627759,1630573,201143,1629674,201950,1627759-1630573-201143-1629674-201950,,1627742,1630530,1626204,1630529,203468,1627742-1630530-1626204-1630529-203468,,0,0,0
15,0022300659,16,3,3,5:23,4:31,1043,991,52,391,402,73 - 70,73 - 74,-3,1,4,1627759,1630573,1630202,1629674,201950,1627759-1630573-1630202-1629674-201950,,1627742,1630530,1626204,1630529,203468,1627742-1630530-1626204-1630529-203468,,4,0,4
16,0022300659,17,3,3,4:31,4:25,991,985,6,402,407,73 - 74,73 - 74,1,1,0,1627759,1630573,1630202,1629674,201950,1627759-1630573-1630202-1629674-201950,,1627742,1630530,1626204,1630230,203468,1627742-1630530-1626204-1630230-203468,,0,0,0
17,0022300659,18,3,3,4:25,3:23,985,923,62,407,421,73 - 74,77 - 76,1,-1,-2,1627759,1630573,1630202,1629674,201950,1627759-1630573-1630202-1629674-201950,,1627742,1630530,202685,1630230,203468,1627742-1630530-202685-1630230-203468,,2,4,3
18,0022300659,19,3,3,3:23,1:35,923,815,108,421,443,77 - 76,83 - 79,-1,-4,-3,1627759,1630573,1630202,1629674,201950,1627759-1630573-1630202-1629674-201950,,1627742,1630530,202685,1630230,1630700,1627742-1630530-202685-1630230-1630700,,3,6,6
19,0022300659,20,3,3,1:35,0:54,815,774,41,443,455,83 - 79,85 - 79,-4,-6,-2,1627759,1630573,1630202,1629052,201950,1627759-1630573-1630202-1629052-201950,,1627742,1630530,202685,1630230,1630700,1627742-1630530-202685-1630230-1630700,,0,2,4
20,0022300659,21,3,4,0:54,12:00,774,720,54,455,472,85 - 79,87 - 81,-6,-6,0,1627759,1630573,1630202,1629052,201950,1627759-1630573-1630202-1629052-201950,,1627742,1630530,1629627,1630230,1630700,1627742-1630530-1629627-1630230-1630700,,2,2,3
21,0022300659,22,4,4,12:00,8:08,720,488,232,472,507,87 - 81,94 - 86,-6,-8,-2,1628369,201143,1628401,1630573,1629052,1628369-201143-1628401-1630573-1629052,,1629627,203468,1630530,1630230,1630700,1629627-203468-1630530-1630230-1630700,,5,7,13
22,0022300659,23,4,4,8:08,6:14,488,374,114,507,527,94 - 86,94 - 94,-8,0,8,1628369,201143,1628401,1630573,1627759,1628369-201143-1628401-1630573-1627759,,1629627,203468,1630530,1626204,1630700,1629627-203468-1630530-1626204-1630700,,8,0,6
23,0022300659,24,4,4,6:14,4:06,374,246,128,527,545,94 - 94,98 - 102,0,4,4,1628369,201143,1628401,1630573,1627759,1628369-201143-1628401-1630573-1627759,,1630529,1627742,1630530,1626204,1630700,1630529-1627742-1630530-1626204-1630700,,8,4,9
24,0022300659,25,4,4,4:06,0:32,246,32,214,545,585,98 - 102,107 - 114,4,7,3,1628369,201143,1628401,201950,1627759,1628369-201143-1628401-201950-1627759,,1630529,1627742,1630530,203468,1629627,1630529-1627742-1630530-203468-1629627,,12,9,13
25,0022300659,26,4,4,0:32,0:25,32,25,7,585,590,107 - 114,107 - 115,7,8,1,1628369,201143,1628401,201950,1627759,1628369-201143-1628401-201950-1627759,,1630529,1627742,1630530,1630700,1629627,1630529-1627742-1630530-1630700-1629627,,1,0,0
26,0022300659,27,4,4,0:25,0:17,25,17,8,590,607,107 - 115,109 - 116,8,7,-1,1628369,201143,1628401,201950,1627759,1628369-201143-1628401-201950-1627759,,1630529,1627742,1630530,203468,1629627,1630529-1627742-1630530-203468-1629627,,1,2,2
27,0022300659,28,4,4,0:17,0:16,17,16,1,607,604,109 - 116,109 - 116,7,7,0,1628369,201143,1628401,201950,1627759,1628369-201143-1628401-201950-1627759,,1630529,1627742,1630530,1630700,1629627,1630529-1627742-1630530-1630700-1629627,,0,0,1
28,0022300659,29,4,4,0:16,0:09,16,9,7,604,609,109 - 116,112 - 118,7,6,-1,1628369,201143,1628401,201950,1627759,1628369-201143-1628401-201950-1627759,,1630529,1627742,1630530,203468,1629627,1630529-1627742-1630530-203468-1629627,,2,3,2
29,0022300659,30,4,4,0:09,0:00,9,0,9,609,615,112 - 118,112 - 118,6,6,0,1628369,201143,1628401,201950,1627759,1628369-201143-1628401-201950-1627759,,1626204,1627742,1630530,203468,1629627,1626204-1627742-1630530-203468-1629627,,0,0,1
0,0022300670,1,1,1,12:00,6:32,2880,2552,328,2,68,0 - 0,15 - 20,0,5,5,1627759,1628369,204001,1628401,201950,1627759-1628369-204001-1628401-201950,,1630174,1627783,1626167,1627741,1630169,1630174-1627783-1626167-1627741-1630169,,20,15,22
1,0022300670,2,1,1,6:32,5:42,2552,2502,50,68,82,15 - 20,15 - 22,5,7,2,1627759,1630573,204001,1628401,201950,1627759-1630573-204001-1628401-201950,,1630174,1627783,1626167,1627741,1629614,1630174-1627783-1626167-1627741-1629614,,2,0,4
2,0022300670,3,1,1,5:42,3:41,2502,2381,121,82,108,15 - 22,19 - 24,7,5,-2,1627759,1630573,204001,1628401,1629052,1627759-1630573-204001-1628401-1629052,,1641767,1627783,1626167,1627741,1629614,1641767-1627783-1626167-1627741-1629614,,2,4,10
3,0022300670,4,1,1,3:41,3:41,2381,2381,0,108,112,19 - 24,19 - 24,5,5,0,1630202,1630573,204001,1628401,1629052,1630202-1630573-204001-1628401-1629052,,1641767,1627783,1630188,1627741,1629614,1641767-1627783-1630188-1627741-1629614,,0,0,0
4,0022300670,5,1,1,3:41,3:24,2381,2364,17,112,119,19 - 24,19 - 24,5,5,0,1630202,1630573,204001,1628401,1629052,1630202-1630573-204001-1628401-1629052,,1641767,1627783,1630188,1630174,1629614,1641767-1627783-1630188-1630174-1629614,,0,0,2
5,0022300670,6,1,1,3:24,2:52,2364,2332,32,119,128,19 - 24,19 - 28,5,9,4,1630202,1630573,204001,1628401,1629052,1630202-1630573-204001-1628401-1629052,,1641767,1630167,1630188,1630174,1629614,1641767-1630167-1630188-1630174-1629614,,4,0,3
6,0022300670,7,1,1,2:52,0:30,2332,2190,142,128,157,19 - 28,23 - 34,9,11,2,1630202,1630573,204001,1628401,1629052,1630202-1630573-204001-1628401-1629052,,1630169,1630167,1630188,1630174,1629614,1630169-1630167-1630188-1630174-1629614,,6,4,12
7,0022300670,8,1,1,0:30,0:19,2190,2179,11,157,163,23 - 34,23 - 34,11,11,0,1630202,1630573,1629674,1628401,1629052,1630202-1630573-1629674-1628401-1629052,,1630169,1630167,1630188,1630174,1629614,1630169-1630167-1630188-1630174-1629614,,0,0,0
8,0022300670,9,1,2,0:19,12:00,2179,2160,19,163,179,23 - 34,26 - 36,11,10,-1,1630202,1630573,201950,1628401,1629052,1630202-1630573-201950-1628401-1629052,,1630169,1630167,1630188,1630174,1641767,1630169-1630167-1630188-1630174-1641767,,2,3,3
9,0022300670,10,2,2,12:00,10:33,2160,2073,87,179,196,26 - 36,31 - 41,10,10,0,1628369,201950,1630573,1630202,1629674,1628369-201950-1630573-1630202-1629674,,1630174,1630169,1641767,1630188,1630167,1630174-1630169-1641767-1630188-1630167,,5,5,7
10,0022300670,11,2,2,10:33,8:05,2073,1925,148,196,222,31 - 41,36 - 52,10,16,6,1628369,201950,1630573,1630202,1629674,1628369-201950-1630573-1630202-1629674,,1630174,1630169,1627741,1630188,1630167,1630174-1630169-1627741-1630188-1630167,,11,5,10
11,0022300670,12,2,2,8:05,6:48,1925,1848,77,222,242,36 - 52,43 - 57,16,14,-2,1628369,201950,1627759,1630202,1629674,1628369-201950-1627759-1630202-1629674,,1630174,1629614,1627741,1630188,1630167,1630174-1629614-1627741-1630188-1630167,,5,7,5
12,0022300670,13,2,2,6:48,5:07,1848,1747,101,242,255,43 - 57,47 - 60,14,13,-1,1628369,201950,1627759,1630202,204001,1628369-201950-1627759-1630202-204001,,1630174,1629614,1627741,1630188,1630167,1630174-1629614-1627741-1630188-1630167,,3,4,4
13,0022300670,14,2,2,5:07,5:07,1747,1747,0,255,257,47 - 60,47 - 60,13,13,0,1628369,201950,1627759,1628401,204001,1628369-201950-1627759-1628401-204001,,1630174,1629614,1627741,1630188,1630167,1630174-1629614-1627741-1630188-1630167,,0,0,0
14,0022300670,15,2,2,5:07,3:49,1747,1669,78,257,271,47 - 60,52 - 65,13,13,0,1628369,201950,1627759,1628401,204001,1628369-201950-1627759-1628401-204001,,1630174,1629614,1627741,1627783,1626167,1630174-1629614-1627741-1627783-1626167,,5,5,5
15,0022300670,16,2,2,3:49,2:09,1669,1569,100,271,299,52 - 65,56 - 74,13,18,5,1628369,201950,1627759,1628401,204001,1628369-201950-1627759-1628401-204001,,1630174,1630169,1627741,1627783,1626167,1630174-1630169-1627741-1627783-1626167,,9,4,8
16,0022300670,17,2,2,2:09,1:00,1569,1500,69,299,313,56 - 74,59 - 79,18,20,2,1628369,201950,1627759,1628401,1630573,1628369-201950-1627759-1628401-1630573,,1630174,1630169,1627741,1627783,1626167,1630174-1630169-1627741-1627783-1626167,,5,3,6
17,0022300670,18,2,3,1:00,12:00,1500,1440,60,313,342,59 - 79,66 - 81,20,15,-5,1628369,201950,1627759,1628401,1630573,1628369-201950-1627759-1628401-1630573,,1630174,1630169,1627741,1627783,1630167,1630174-1630169-1627741-1627783-1630167,,2,7,6
18,0022300670,19,3,3,12:00,6:00,1440,1080,360,342,473,66 - 81,86 - 91,15,5,-10,1627759,1628369,204001,1628401,201950,1627759-1628369-204001-1628401-201950,,1630174,1627783,1626167,1627741,1630169,1630174-1627783-1626167-1627741-1630169,,10,20,25
19,0022300670,20,3,3,6:00,4:42,1080,1002,78,473,463,86 - 91,91 - 93,5,2,-3,1627759,1628369,204001,1628401,201950,1627759-1628369-204001-1628401-201950,,1630174,1627783,1626167,1627741,1629614,1630174-1627783-1626167-1627741-1629614,,2,5,6
20,0022300670,21,3,3,4:42,4:11,1002,971,31,463,438,91 - 93,94 - 93,2,-1,-3,1630573,1628369,204001,1628401,201950,1630573-1628369-204001-1628401-201950,,1630174,1627783,1626167,1627741,1629614,1630174-1627783-1626167-1627741-1629614,,0,3,2
21,0022300670,22,3,3,4:11,3:48,971,948,23,438,452,94 - 93,94 - 96,-1,2,3,1630573,1628369,1629674,1628401,201950,1630573-1628369-1629674-1628401-201950,,1630174,1627783,1626167,1641767,1629614,1630174-1627783-1626167-1641767-1629614,,3,0,3
22,0022300670,23,3,3,3:48,3:10,948,910,38,452,465,94 - 96,94 - 97,2,3,1,1630573,1628369,1629674,1628401,201950,1630573-1628369-1629674-1628401-201950,,1630174,1627783,1630188,1641767,1629614,1630174-1627783-1630188-1641767-1629614,,1,0,2
23,0022300670,24,3,3,3:10,3:10,910,910,0,465,467,94 - 97,94 - 97,3,3,0,1630573,1628369,1629674,1628401,1630202,1630573-1628369-1629674-1628401-1630202,,1630174,1627783,1630188,1641767,1629614,1630174-1627783-1630188-1641767-1629614,,0,0,0
24,0022300670,25,3,3,3:10,2:05,910,845,65,467,484,94 - 97,97 - 101,3,4,1,1630573,1628369,1629674,1628401,1630202,1630573-1628369-1629674-1628401-1630202,,1630174,1630167,1630188,1641767,1629614,1630174-1630167-1630188-1641767-1629614,,4,3,5
25,0022300670,26,3,4,2:05,12:00,845,720,125,484,515,97 - 101,103 - 106,4,3,-1,1630573,1628369,1629674,1628401,1630202,1630573-1628369-1629674-1628401-1630202,,1627741,1630167,1630188,1641767,1629614,1627741-1630167-1630188-1641767-1629614,,5,6,8
26,0022300670,27,4,4,12:00,9:22,720,562,158,515,546,103 - 106,106 - 113,3,7,4,1627759,201950,1630573,1630202,1629674,1627759-201950-1630573-1630202-1629674,,1627741,1629614,1641767,1630188,1630167,1627741-1629614-1641767-1630188-1630167,,7,3,12
27,0022300670,28,4,4,9:22,9:22,562,562,0,546,548,106 - 113,106 - 113,7,7,0,1627759,201950,1630573,1628369,1629674,1627759-201950-1630573-1628369-1629674,,1627741,1629614,1641767,1630188,1630167,1627741-1629614-1641767-1630188-1630167,,0,0,0
28,0022300670,29,4,4,9:22,9:14,562,554,8,548,552,106 - 113,106 - 115,7,9,2,1627759,201950,1630573,1628369,1629674,1627759-201950-1630573-1628369-1629674,,1630174,1629614,1641767,1630188,1630167,1630174-1629614-1641767-1630188-1630167,,2,0,1
29,0022300670,30,4,4,9:14,7:33,554,453,101,552,566,106 - 115,108 - 118,9,10,1,1627759,201950,1630573,1628369,1629674,1627759-201950-1630573-1628369-1629674,,1630174,1629614,1627783,1630188,1630167,1630174-1629614-1627783-1630188-1630167,,3,2,5
30,0022300670,31,4,4,7:33,6:09,453,369,84,566,586,108 - 118,112 - 120,10,8,-2,1627759,201950,1630573,1628369,204001,1627759-201950-1630573-1628369-204001,,1630174,1629614,1627783,1630188,1630167,1630174-1629614-1627783-1630188-1630167,,2,4,6
31,0022300670,32,4,4,6:09,5:32,369,332,37,586,593,112 - 120,112 - 121,8,9,1,1627759,201950,1628401,1628369,204001,1627759-201950-1628401-1628369-204001,,1630174,1629614,1627783,1630188,1630167,1630174-1629614-1627783-1630188-1630167,,1,0,1
32,0022300670,33,4,4,5:32,5:00,332,300,32,593,601,112 - 121,112 - 122,9,10,1,1627759,201950,1628401,1628369,204001,1627759-201950-1628401-1628369-204001,,1630174,1629614,1627783,1626167,1630167,1630174-1629614-1627783-1626167-1630167,,1,0,3
33,0022300670,34,4,4,5:00,0:16,300,16,284,601,679,112 - 122,124 - 128,10,4,-6,1627759,201950,1628401,1628369,204001,1627759-201950-1628401-1628369-204001,,1630174,1629614,1627783,1626167,1627741,1630174-1629614-1627783-1626167-1627741,,6,12,19
34,0022300670,35,4,4,0:16,0:11,16,11,5,679,663,124 - 128,124 - 129,4,5,1,1627759,201950,1628401,1628369,1630202,1627759-201950-1628401-1628369-1630202,,1630174,1629614,1627783,1630167,1627741,1630174-1629614-1627783-1630167-1627741,,1,0,2
35,0022300670,36,4,4,0:11,0:03,11,3,8,663,675,124 - 129,124 - 129,5,5,0,1627759,201950,1628401,1628369,204001,1627759-201950-1628401-1628369-204001,,1630174,1629614,1627783,1630167,1627741,1630174-1629614-1627783-1630167-1627741,,0,0,1
36,0022300670,37,4,4,0:03,0:00,3,0,3,675,677,124 - 129,124 - 129,5,5,0,1627759,201950,1628401,1628369,1630202,1627759-201950-1628401-1628369-1630202,,1630174,1629614,1627783,1630167,1627741,1630174-1629614-1627783-1630167-1627741,,0,0,0
0,0022300684,1,1,1,12:00,4:28,2880,2428,452,2,94,0 - 0,19 - 15,0,-4,-4,1627759,1628369,204001,1628401,201950,1627759-1628369-204001-1628401-201950,,1627752,1629020,1629637,1630559,1626156,1627752-1629020-1629637-1630559-1626156,,15,19,33
1,0022300684,2,1,1,4:28,2:11,2428,2291,137,94,141,19 - 15,24 - 15,-4,-9,-5,1627759,1630573,204001,1628401,201143,1627759-1630573-204001-1628401-201143,,1629060,1629020,1631108,1630559,1626174,1629060-1629020-1631108-1630559-1626174,,0,5,12
2,0022300684,3,1,2,2:11,12:00,2291,2160,131,141,186,24 - 15,28 - 25,-9,-3,6,1630202,1630573,201950,1629674,201143,1630202-1630573-201950-1629674-201143,,1629060,1626156,1627752,1629637,1626174,1629060-1626156-1627752-1629637-1626174,,10,4,10
3,0022300684,4,2,2,12:00,8:34,2160,1954,206,186,221,28 - 25,39 - 32,-3,-7,-4,1628369,1630573,201143,1630202,1629674,1628369-1630573-201143-1630202-1629674,,1627752,1626156,1631108,1629060,1626174,1627752-1626156-1631108-1629060-1626174,,7,11,13
4,0022300684,5,2,2,8:34,7:01,1954,1861,93,221,246,39 - 32,41 - 34,-7,-7,0,1628369,1630573,201143,1630202,1629674,1628369-1630573-201143-1630202-1629674,,1627752,1626156,1630559,1629060,1629637,1627752-1626156-1630559-1629060-1629637,,2,2,7
5,0022300684,6,2,2,7:01,6:45,1861,1845,16,246,252,41 - 34,41 - 35,-7,-6,1,1628369,1628401,201143,1630202,1629674,1628369-1628401-201143-1630202-1629674,,1627752,1626156,1630559,1629020,1629637,1627752-1626156-1630559-1629020-1629637,,1,0,0
6,0022300684,7,2,2,6:45,3:49,1845,1669,176,252,287,41 - 35,49 - 44,-6,-5,1,1628369,1628401,201143,1627759,204001,1628369-1628401-201143-1627759-204001,,1627752,1626156,1630559,1629020,1629637,1627752-1626156-1630559-1629020-1629637,,9,8,13
7,0022300684,8,2,2,3:49,3:47,1669,1667,2,287,292,49 - 44,49 - 44,-5,-5,0,1628369,1628401,201950,1627759,204001,1628369-1628401-201950-1627759-204001,,1627752,1626156,1630559,1629020,1629637,1627752-1626156-1630559-1629020-1629637,,0,0,1
8,0022300684,9,2,2,3:47,3:17,1667,1637,30,292,302,49 - 44,49 - 44,-5,-5,0,1628369,1628401,201950,1627759,204001,1628369-1628401-201950-1627759-204001,,1627752,1629060,1630559,1629020,1629637,1627752-1629060-1630559-1629020-1629637,,0,0,2
9,0022300684,10,2,2,3:17,0:46,1637,1486,151,302,328,49 - 44,60 - 46,-5,-14,-9,1628369,1628401,201950,1627759,204001,1628369-1628401-201950-1627759-204001,,1631108,1629060,1630559,1629020,1629637,1631108-1629060-1630559-1629020-1629637,,2,11,12
10,0022300684,11,2,3,0:46,12:00,1486,1440,46,328,339,60 - 46,60 - 46,-14,-14,0,1628369,1628401,201950,1627759,204001,1628369-1628401-201950-1627759-204001,,1631108,1629060,1630559,1626156,1629637,1631108-1629060-1630559-1626156-1629637,,0,0,3
11,0022300684,12,3,3,12:00,9:04,1440,1264,176,339,383,60 - 46,70 - 54,-14,-16,-2,1627759,1628369,204001,1628401,201950,1627759-1628369-204001-1628401-201950,,1627752,1629637,1630559,1626156,1629060,1627752-1629637-1630559-1626156-1629060,,8,10,14
12,0022300684,13,3,3,9:04,6:05,1264,1085,179,383,421,70 - 54,75 - 62,-16,-13,3,1630573,1628369,201143,1628401,1630202,1630573-1628369-201143-1628401-1630202,,1627752,1629637,1631108,1626156,1629060,1627752-1629637-1631108-1626156-1629060,,8,5,12
13,0022300684,14,3,3,6:05,3:42,1085,942,143,421,442,75 - 62,77 - 71,-13,-6,7,1630573,1628369,201143,201950,1630202,1630573-1628369-201143-201950-1630202,,1627752,1626174,1631108,1630559,1629060,1627752-1626174-1631108-1630559-1629060,,9,2,6
14,0022300684,15,3,3,3:42,3:20,942,920,22,442,454,77 - 71,79 - 71,-6,-8,-2,1630573,1628369,201143,201950,1630202,1630573-1628369-201143-201950-1630202,,1626156,1626174,1631108,1630559,1629060,1626156-1626174-1631108-1630559-1629060,,0,2,3
15,0022300684,16,3,4,3:20,12:00,920,720,200,454,504,79 - 71,88 - 78,-8,-10,-2,1630573,1628369,201143,201950,1630202,1630573-1628369-201143-201950-1630202,,1626156,1626174,1631108,1630559,1629637,1626156-1626174-1631108-1630559-1629637,,7,9,13
16,0022300684,17,4,4,12:00,9:53,720,593,127,504,527,88 - 78,97 - 85,-10,-12,-2,1627759,204001,1628401,1630573,1629674,1627759-204001-1628401-1630573-1629674,,1627752,1626156,1631108,1629060,1626174,1627752-1626156-1631108-1629060-1626174,,7,9,10
17,0022300684,18,4,4,9:53,8:38,593,518,75,527,538,97 - 85,97 - 87,-12,-10,2,1627759,204001,1628401,1630202,1629674,1627759-204001-1628401-1630202-1629674,,1627752,1626156,1631108,1629060,1626174,1627752-1626156-1631108-1629060-1626174,,2,0,3
18,0022300684,19,4,4,8:38,8:27,518,507,11,538,550,97 - 87,97 - 87,-10,-10,0,1627759,204001,1628401,1630202,201950,1627759-204001-1628401-1630202-201950,,1627752,1626156,1631108,1629060,1626174,1627752-1626156-1631108-1629060-1626174,,0,0,2
19,0022300684,20,4,4,8:27,7:06,507,426,81,550,560,97 - 87,99 - 87,-10,-12,-2,1627759,204001,1628401,1630202,201950,1627759-204001-1628401-1630202-201950,,1627752,1626156,1630559,1629060,1626174,1627752-1626156-1630559-1629060-1626174,,0,2,4
20,0022300684,21,4,4,7:06,4:06,426,246,180,560,612,99 - 87,107 - 96,-12,-11,1,1627759,204001,1628401,1628369,201950,1627759-204001-1628401-1628369-201950,,1627752,1626156,1630559,1629060,1629637,1627752-1626156-1630559-1629060-1629637,,9,8,13
21,0022300684,22,4,4,4:06,2:01,246,121,125,612,637,107 - 96,113 - 100,-11,-13,-2,201143,204001,1628401,1628369,201950,201143-204001-1628401-1628369-201950,,1627752,1626156,1630559,1629060,1629637,1627752-1626156-1630559-1629060-1629637,,4,6,10
22,0022300684,23,4,4,2:01,1:17,121,77,44,637,655,113 - 100,113 - 101,-13,-12,1,1629052,1630573,1630625,1629674,1630202,1629052-1630573-1630625-1629674-1630202,,1627752,1626156,1630559,1629060,1629637,1627752-1626156-1630559-1629060-1629637,,1,0,2
23,0022300684,24,4,4,1:17,0:46,77,46,31,655,672,113 - 101,114 - 105,-12,-9,3,1629052,1630573,1630625,1629674,1630202,1629052-1630573-1630625-1629674-1630202,,1627752,1641720,1631108,1629060,1629637,1627752-1641720-1631108-1629060-1629637,,4,1,4
24,0022300684,25,4,4,0:46,0:00,46,0,46,672,684,114 - 105,114 - 105,-9,-9,0,1629052,1630573,1630625,1629674,1630202,1629052-1630573-1630625-1629674-1630202,,1629685,1641720,1631108,1641721,1630219,1629685-1641720-1631108-1641721-1630219,,0,0,2
